--
-- PostgreSQL database dump
--

-- Dumped from database version 16.2 (Debian 16.2-1.pgdg120+2)
-- Dumped by pg_dump version 16.2 (Debian 16.2-1.pgdg120+2)

SET statement_timeout = 0;
SET lock_timeout = 0;
SET idle_in_transaction_session_timeout = 0;
SET client_encoding = 'UTF8';
SET standard_conforming_strings = on;
SELECT pg_catalog.set_config('search_path', '', false);
SET check_function_bodies = false;
SET xmloption = content;
SET client_min_messages = warning;
SET row_security = off;

SET default_tablespace = '';

SET default_table_access_method = heap;

--
-- Name: BoxLevel; Type: TABLE; Schema: public; Owner: postgres
--

CREATE TABLE public."BoxLevel" (
    "Id" integer NOT NULL,
    "Level" integer NOT NULL,
    "LeitnerBoxId" integer NOT NULL,
    "WillReviewedIn" interval NOT NULL
);


ALTER TABLE public."BoxLevel" OWNER TO postgres;

--
-- Name: BoxLevel_Id_seq; Type: SEQUENCE; Schema: public; Owner: postgres
--

ALTER TABLE public."BoxLevel" ALTER COLUMN "Id" ADD GENERATED BY DEFAULT AS IDENTITY (
    SEQUENCE NAME public."BoxLevel_Id_seq"
    START WITH 1
    INCREMENT BY 1
    NO MINVALUE
    NO MAXVALUE
    CACHE 1
);


--
-- Name: Course; Type: TABLE; Schema: public; Owner: postgres
--

CREATE TABLE public."Course" (
    "Id" integer NOT NULL,
    "Title" character varying(200) NOT NULL,
    "Order" integer NOT NULL,
    "LanguageId" integer NOT NULL,
    "CoverId" text,
    "Description" character varying(1024) DEFAULT ''::character varying NOT NULL,
    "Code" character varying(20) DEFAULT ''::character varying NOT NULL,
    "Slug" character varying(50) DEFAULT ''::character varying NOT NULL
);


ALTER TABLE public."Course" OWNER TO postgres;

--
-- Name: Course_Id_seq; Type: SEQUENCE; Schema: public; Owner: postgres
--

ALTER TABLE public."Course" ALTER COLUMN "Id" ADD GENERATED BY DEFAULT AS IDENTITY (
    SEQUENCE NAME public."Course_Id_seq"
    START WITH 1
    INCREMENT BY 1
    NO MINVALUE
    NO MAXVALUE
    CACHE 1
);


--
-- Name: Grammar; Type: TABLE; Schema: public; Owner: postgres
--

CREATE TABLE public."Grammar" (
    "Id" integer NOT NULL,
    "Name" character varying(200) NOT NULL,
    "Description" text DEFAULT ''::text NOT NULL,
    "EstimatedTime" interval DEFAULT '00:00:00'::interval NOT NULL,
    "Level" integer DEFAULT 0 NOT NULL,
    "Order" integer DEFAULT 0 NOT NULL,
    "ParentGrammarId" integer
);


ALTER TABLE public."Grammar" OWNER TO postgres;

--
-- Name: GrammarLesson; Type: TABLE; Schema: public; Owner: postgres
--

CREATE TABLE public."GrammarLesson" (
    "Id" integer NOT NULL,
    "Title" character varying(200) NOT NULL,
    "HtmlTag" integer NOT NULL,
    "Content" text NOT NULL,
    "Order" integer NOT NULL,
    "Language" character varying(100) NOT NULL,
    "VoiceId" integer,
    "GrammarId" integer NOT NULL
);


ALTER TABLE public."GrammarLesson" OWNER TO postgres;

--
-- Name: GrammarLesson_Id_seq; Type: SEQUENCE; Schema: public; Owner: postgres
--

ALTER TABLE public."GrammarLesson" ALTER COLUMN "Id" ADD GENERATED BY DEFAULT AS IDENTITY (
    SEQUENCE NAME public."GrammarLesson_Id_seq"
    START WITH 1
    INCREMENT BY 1
    NO MINVALUE
    NO MAXVALUE
    CACHE 1
);


--
-- Name: GrammarTest; Type: TABLE; Schema: public; Owner: postgres
--

CREATE TABLE public."GrammarTest" (
    "Id" integer NOT NULL,
    "GrammarId" integer NOT NULL,
    "Question" character varying(1000) NOT NULL,
    "Status" integer NOT NULL
);


ALTER TABLE public."GrammarTest" OWNER TO postgres;

--
-- Name: GrammarTestOption; Type: TABLE; Schema: public; Owner: postgres
--

CREATE TABLE public."GrammarTestOption" (
    "Id" integer NOT NULL,
    "GrammarTestId" integer NOT NULL,
    "Text" character varying(500) NOT NULL,
    "IsCorrect" boolean NOT NULL
);


ALTER TABLE public."GrammarTestOption" OWNER TO postgres;

--
-- Name: GrammarTestOption_Id_seq; Type: SEQUENCE; Schema: public; Owner: postgres
--

ALTER TABLE public."GrammarTestOption" ALTER COLUMN "Id" ADD GENERATED BY DEFAULT AS IDENTITY (
    SEQUENCE NAME public."GrammarTestOption_Id_seq"
    START WITH 1
    INCREMENT BY 1
    NO MINVALUE
    NO MAXVALUE
    CACHE 1
);


--
-- Name: GrammarTest_Id_seq; Type: SEQUENCE; Schema: public; Owner: postgres
--

ALTER TABLE public."GrammarTest" ALTER COLUMN "Id" ADD GENERATED BY DEFAULT AS IDENTITY (
    SEQUENCE NAME public."GrammarTest_Id_seq"
    START WITH 1
    INCREMENT BY 1
    NO MINVALUE
    NO MAXVALUE
    CACHE 1
);


--
-- Name: Grammar_Id_seq; Type: SEQUENCE; Schema: public; Owner: postgres
--

ALTER TABLE public."Grammar" ALTER COLUMN "Id" ADD GENERATED BY DEFAULT AS IDENTITY (
    SEQUENCE NAME public."Grammar_Id_seq"
    START WITH 1
    INCREMENT BY 1
    NO MINVALUE
    NO MAXVALUE
    CACHE 1
);


--
-- Name: Language; Type: TABLE; Schema: public; Owner: postgres
--

CREATE TABLE public."Language" (
    "Id" integer NOT NULL,
    "Name" character varying(100) NOT NULL
);


ALTER TABLE public."Language" OWNER TO postgres;

--
-- Name: LeitnerBox; Type: TABLE; Schema: public; Owner: postgres
--

CREATE TABLE public."LeitnerBox" (
    "Id" integer NOT NULL,
    "UserId" integer NOT NULL,
    "CreatedAt" timestamp with time zone NOT NULL
);


ALTER TABLE public."LeitnerBox" OWNER TO postgres;

--
-- Name: LeitnerBoxItem; Type: TABLE; Schema: public; Owner: postgres
--

CREATE TABLE public."LeitnerBoxItem" (
    "Id" integer NOT NULL,
    "LeitnerBoxId" integer NOT NULL,
    "VocabId" integer NOT NULL,
    "BoxLevelId" integer NOT NULL,
    "AddedAt" timestamp with time zone NOT NULL,
    "NextReviewAt" timestamp with time zone,
    "ReviewedAt" timestamp with time zone
);


ALTER TABLE public."LeitnerBoxItem" OWNER TO postgres;

--
-- Name: LeitnerBoxItem_Id_seq; Type: SEQUENCE; Schema: public; Owner: postgres
--

ALTER TABLE public."LeitnerBoxItem" ALTER COLUMN "Id" ADD GENERATED BY DEFAULT AS IDENTITY (
    SEQUENCE NAME public."LeitnerBoxItem_Id_seq"
    START WITH 1
    INCREMENT BY 1
    NO MINVALUE
    NO MAXVALUE
    CACHE 1
);


--
-- Name: LeitnerBox_Id_seq; Type: SEQUENCE; Schema: public; Owner: postgres
--

ALTER TABLE public."LeitnerBox" ALTER COLUMN "Id" ADD GENERATED BY DEFAULT AS IDENTITY (
    SEQUENCE NAME public."LeitnerBox_Id_seq"
    START WITH 1
    INCREMENT BY 1
    NO MINVALUE
    NO MAXVALUE
    CACHE 1
);


--
-- Name: Lesson; Type: TABLE; Schema: public; Owner: postgres
--

CREATE TABLE public."Lesson" (
    "Id" integer NOT NULL,
    "Title" character varying(200) NOT NULL,
    "Order" integer NOT NULL,
    "Status" integer NOT NULL,
    "CourseId" integer NOT NULL,
    "Duration" integer
);


ALTER TABLE public."Lesson" OWNER TO postgres;

--
-- Name: LessonGrammar; Type: TABLE; Schema: public; Owner: postgres
--

CREATE TABLE public."LessonGrammar" (
    "LessonId" integer NOT NULL,
    "GrammarId" integer NOT NULL
);


ALTER TABLE public."LessonGrammar" OWNER TO postgres;

--
-- Name: LessonStory; Type: TABLE; Schema: public; Owner: postgres
--

CREATE TABLE public."LessonStory" (
    "LessonId" integer NOT NULL,
    "StoryId" integer NOT NULL
);


ALTER TABLE public."LessonStory" OWNER TO postgres;

--
-- Name: LessonVocab; Type: TABLE; Schema: public; Owner: postgres
--

CREATE TABLE public."LessonVocab" (
    "LessonId" integer NOT NULL,
    "VocabId" integer NOT NULL
);


ALTER TABLE public."LessonVocab" OWNER TO postgres;

--
-- Name: Lesson_Id_seq; Type: SEQUENCE; Schema: public; Owner: postgres
--

ALTER TABLE public."Lesson" ALTER COLUMN "Id" ADD GENERATED BY DEFAULT AS IDENTITY (
    SEQUENCE NAME public."Lesson_Id_seq"
    START WITH 1
    INCREMENT BY 1
    NO MINVALUE
    NO MAXVALUE
    CACHE 1
);


--
-- Name: Story; Type: TABLE; Schema: public; Owner: postgres
--

CREATE TABLE public."Story" (
    "Id" integer NOT NULL,
    "Title" character varying(200) NOT NULL,
    "CoverId" text,
    "Status" integer DEFAULT 0 NOT NULL,
    "Duration" integer
);


ALTER TABLE public."Story" OWNER TO postgres;

--
-- Name: StoryItem; Type: TABLE; Schema: public; Owner: postgres
--

CREATE TABLE public."StoryItem" (
    "Id" integer NOT NULL,
    "Content" character varying(2000) NOT NULL,
    "Translation" character varying(2000) NOT NULL,
    "VoiceId" character varying(255),
    "StoryId" integer NOT NULL,
    "Order" integer DEFAULT 0 NOT NULL
);


ALTER TABLE public."StoryItem" OWNER TO postgres;

--
-- Name: StoryItemTimestamp; Type: TABLE; Schema: public; Owner: postgres
--

CREATE TABLE public."StoryItemTimestamp" (
    "Id" integer NOT NULL,
    "Word" character varying(200) NOT NULL,
    "Start" real NOT NULL,
    "End" real NOT NULL,
    "StoryItemId" integer NOT NULL
);


ALTER TABLE public."StoryItemTimestamp" OWNER TO postgres;

--
-- Name: StoryItemTimestamp_Id_seq; Type: SEQUENCE; Schema: public; Owner: postgres
--

ALTER TABLE public."StoryItemTimestamp" ALTER COLUMN "Id" ADD GENERATED BY DEFAULT AS IDENTITY (
    SEQUENCE NAME public."StoryItemTimestamp_Id_seq"
    START WITH 1
    INCREMENT BY 1
    NO MINVALUE
    NO MAXVALUE
    CACHE 1
);


--
-- Name: StoryItem_Id_seq; Type: SEQUENCE; Schema: public; Owner: postgres
--

ALTER TABLE public."StoryItem" ALTER COLUMN "Id" ADD GENERATED BY DEFAULT AS IDENTITY (
    SEQUENCE NAME public."StoryItem_Id_seq"
    START WITH 1
    INCREMENT BY 1
    NO MINVALUE
    NO MAXVALUE
    CACHE 1
);


--
-- Name: Story_Id_seq; Type: SEQUENCE; Schema: public; Owner: postgres
--

ALTER TABLE public."Story" ALTER COLUMN "Id" ADD GENERATED BY DEFAULT AS IDENTITY (
    SEQUENCE NAME public."Story_Id_seq"
    START WITH 1
    INCREMENT BY 1
    NO MINVALUE
    NO MAXVALUE
    CACHE 1
);


--
-- Name: User; Type: TABLE; Schema: public; Owner: postgres
--

CREATE TABLE public."User" (
    "Id" integer NOT NULL,
    "DisplayName" character varying(100) NOT NULL,
    "AvatarUrl" character varying(500),
    "CreatedAt" timestamp with time zone NOT NULL,
    "LastLogin" timestamp with time zone,
    "Status" character varying(50) NOT NULL
);


ALTER TABLE public."User" OWNER TO postgres;

--
-- Name: UserCourse; Type: TABLE; Schema: public; Owner: postgres
--

CREATE TABLE public."UserCourse" (
    "UserId" integer NOT NULL,
    "CourseId" integer NOT NULL,
    "FirstVisitedAt" timestamp with time zone NOT NULL
);


ALTER TABLE public."UserCourse" OWNER TO postgres;

--
-- Name: UserGrammar; Type: TABLE; Schema: public; Owner: postgres
--

CREATE TABLE public."UserGrammar" (
    "UserId" integer NOT NULL,
    "GrammarId" integer NOT NULL,
    "StartedAt" timestamp with time zone NOT NULL,
    "CompletedAt" timestamp with time zone
);


ALTER TABLE public."UserGrammar" OWNER TO postgres;

--
-- Name: UserGrammarTestResult; Type: TABLE; Schema: public; Owner: postgres
--

CREATE TABLE public."UserGrammarTestResult" (
    "Id" integer NOT NULL,
    "UserId" integer NOT NULL,
    "GrammarTestId" integer NOT NULL,
    "SelectedOptionId" integer NOT NULL,
    "IsCorrect" boolean NOT NULL,
    "AnsweredAt" timestamp with time zone NOT NULL
);


ALTER TABLE public."UserGrammarTestResult" OWNER TO postgres;

--
-- Name: UserGrammarTestResult_Id_seq; Type: SEQUENCE; Schema: public; Owner: postgres
--

ALTER TABLE public."UserGrammarTestResult" ALTER COLUMN "Id" ADD GENERATED BY DEFAULT AS IDENTITY (
    SEQUENCE NAME public."UserGrammarTestResult_Id_seq"
    START WITH 1
    INCREMENT BY 1
    NO MINVALUE
    NO MAXVALUE
    CACHE 1
);


--
-- Name: UserLesson; Type: TABLE; Schema: public; Owner: postgres
--

CREATE TABLE public."UserLesson" (
    "UserId" integer NOT NULL,
    "LessonId" integer NOT NULL,
    "StartedAt" timestamp with time zone NOT NULL,
    "CompletedAt" timestamp with time zone,
    "LessonId1" integer
);


ALTER TABLE public."UserLesson" OWNER TO postgres;

--
-- Name: UserStory; Type: TABLE; Schema: public; Owner: postgres
--

CREATE TABLE public."UserStory" (
    "UserId" integer NOT NULL,
    "StoryId" integer NOT NULL,
    "StartedAt" timestamp with time zone NOT NULL,
    "CompletedAt" timestamp with time zone
);


ALTER TABLE public."UserStory" OWNER TO postgres;

--
-- Name: UserVocab; Type: TABLE; Schema: public; Owner: postgres
--

CREATE TABLE public."UserVocab" (
    "UserId" integer NOT NULL,
    "VocabId" integer NOT NULL,
    "StartedAt" timestamp with time zone NOT NULL,
    "CompletedAt" timestamp with time zone
);


ALTER TABLE public."UserVocab" OWNER TO postgres;

--
-- Name: UserVocabTestResult; Type: TABLE; Schema: public; Owner: postgres
--

CREATE TABLE public."UserVocabTestResult" (
    "Id" integer NOT NULL,
    "UserId" integer NOT NULL,
    "VocabTestId" integer NOT NULL,
    "SelectedOptionId" integer NOT NULL,
    "IsCorrect" boolean NOT NULL,
    "AnsweredAt" timestamp with time zone NOT NULL
);


ALTER TABLE public."UserVocabTestResult" OWNER TO postgres;

--
-- Name: UserVocabTestResult_Id_seq; Type: SEQUENCE; Schema: public; Owner: postgres
--

ALTER TABLE public."UserVocabTestResult" ALTER COLUMN "Id" ADD GENERATED BY DEFAULT AS IDENTITY (
    SEQUENCE NAME public."UserVocabTestResult_Id_seq"
    START WITH 1
    INCREMENT BY 1
    NO MINVALUE
    NO MAXVALUE
    CACHE 1
);


--
-- Name: User_Id_seq; Type: SEQUENCE; Schema: public; Owner: postgres
--

ALTER TABLE public."User" ALTER COLUMN "Id" ADD GENERATED BY DEFAULT AS IDENTITY (
    SEQUENCE NAME public."User_Id_seq"
    START WITH 1
    INCREMENT BY 1
    NO MINVALUE
    NO MAXVALUE
    CACHE 1
);


--
-- Name: Vocab; Type: TABLE; Schema: public; Owner: postgres
--

CREATE TABLE public."Vocab" (
    "Id" integer NOT NULL,
    "Word" character varying(200) NOT NULL,
    "Translation" text,
    "VoiceId" character varying(255),
    "Description" text,
    "Level" integer NOT NULL,
    "LanguageId" integer NOT NULL,
    "ExampleTranslation" text DEFAULT ''::character varying,
    "Status" integer DEFAULT 0 NOT NULL,
    "Example" text,
    "Type" integer DEFAULT 0 NOT NULL
);


ALTER TABLE public."Vocab" OWNER TO postgres;

--
-- Name: VocabTest; Type: TABLE; Schema: public; Owner: postgres
--

CREATE TABLE public."VocabTest" (
    "Id" integer NOT NULL,
    "VocabId" integer NOT NULL,
    "Question" character varying(1000) NOT NULL,
    "Status" integer NOT NULL,
    "Type" integer DEFAULT 0 NOT NULL
);


ALTER TABLE public."VocabTest" OWNER TO postgres;

--
-- Name: VocabTestOption; Type: TABLE; Schema: public; Owner: postgres
--

CREATE TABLE public."VocabTestOption" (
    "Id" integer NOT NULL,
    "VocabTestId" integer NOT NULL,
    "Text" character varying(500) NOT NULL,
    "IsCorrect" boolean NOT NULL
);


ALTER TABLE public."VocabTestOption" OWNER TO postgres;

--
-- Name: VocabTestOption_Id_seq; Type: SEQUENCE; Schema: public; Owner: postgres
--

ALTER TABLE public."VocabTestOption" ALTER COLUMN "Id" ADD GENERATED BY DEFAULT AS IDENTITY (
    SEQUENCE NAME public."VocabTestOption_Id_seq"
    START WITH 1
    INCREMENT BY 1
    NO MINVALUE
    NO MAXVALUE
    CACHE 1
);


--
-- Name: VocabTest_Id_seq; Type: SEQUENCE; Schema: public; Owner: postgres
--

ALTER TABLE public."VocabTest" ALTER COLUMN "Id" ADD GENERATED BY DEFAULT AS IDENTITY (
    SEQUENCE NAME public."VocabTest_Id_seq"
    START WITH 1
    INCREMENT BY 1
    NO MINVALUE
    NO MAXVALUE
    CACHE 1
);


--
-- Name: Vocab_Id_seq; Type: SEQUENCE; Schema: public; Owner: postgres
--

ALTER TABLE public."Vocab" ALTER COLUMN "Id" ADD GENERATED BY DEFAULT AS IDENTITY (
    SEQUENCE NAME public."Vocab_Id_seq"
    START WITH 1
    INCREMENT BY 1
    NO MINVALUE
    NO MAXVALUE
    CACHE 1
);


--
-- Name: __EFMigrationsHistory; Type: TABLE; Schema: public; Owner: postgres
--

CREATE TABLE public."__EFMigrationsHistory" (
    "MigrationId" character varying(150) NOT NULL,
    "ProductVersion" character varying(32) NOT NULL
);


ALTER TABLE public."__EFMigrationsHistory" OWNER TO postgres;

--
-- Data for Name: BoxLevel; Type: TABLE DATA; Schema: public; Owner: postgres
--

COPY public."BoxLevel" ("Id", "Level", "LeitnerBoxId", "WillReviewedIn") FROM stdin;
1	1	1	1 day
2	2	1	2 days
3	3	1	4 days
4	4	1	6 days
5	5	1	8 days
6	6	1	10 days
7	7	1	14 days
8	8	1	18 days
9	9	1	22 days
10	10	1	25 days
11	11	1	30 days
12	12	1	60 days
13	13	1	120 days
14	14	1	240 days
15	15	1	365 days
\.


--
-- Data for Name: Course; Type: TABLE DATA; Schema: public; Owner: postgres
--

COPY public."Course" ("Id", "Title", "Order", "LanguageId", "CoverId", "Description", "Code", "Slug") FROM stdin;
2	آشنایی با دنیایی غریب	2	1	a2.png	آشنایی به گرامر های ساده، ساختن جملات با افعال و توقیت شنیدن	A2	دوره مقدماتی 2
1	 شروع یک مسیر جدید	1	1	a1.png	در این بخش با مفاهیم ابتدایی زبان، کلمات روزمره و گرامر پایه آشنا میشوید	A1	دوره مقدماتی
3	آشنایی با دنیایی غریب	2	1	a2.png	آشنایی به گرامر های ساده، ساختن جملات با افعال و توقیت شنیدن	A2	دوره مقدماتی 2
4	آشنایی با دنیایی غریب	2	1	a2.png	آشنایی به گرامر های ساده، ساختن جملات با افعال و توقیت شنیدن	A2	دوره مقدماتی 2
5	آشنایی با دنیایی غریب	2	1	a2.png	آشنایی به گرامر های ساده، ساختن جملات با افعال و توقیت شنیدن	A2	دوره مقدماتی 2
\.


--
-- Data for Name: Grammar; Type: TABLE DATA; Schema: public; Owner: postgres
--

COPY public."Grammar" ("Id", "Name", "Description", "EstimatedTime", "Level", "Order", "ParentGrammarId") FROM stdin;
10	Articles	این درس به شکل ساده توضیح می‌دهد که چه زمانی از a، an و the استفاده می‌کنیم، تفاوت اشاره غیرمشخص و مشخص چیست، و چرا انتخاب بین a و an به صدای اول کلمه بستگی دارد.	00:08:00	1	4	\N
11	Basic negatives and questions	این درس ساخت جمله‌های منفی و پرسشی پایه را با be، do، does و کلمه‌های پرسشی رایج توضیح می‌دهد.	00:08:00	1	9	\N
12	Articles	این درس به شکل ساده توضیح می‌دهد که چه زمانی از a، an و the استفاده می‌کنیم، تفاوت اشاره غیرمشخص و مشخص چیست، و چرا انتخاب بین a و an به صدای اول کلمه بستگی دارد.	00:08:00	1	4	\N
13	Basic negatives and questions	این درس ساخت جمله‌های منفی و پرسشی پایه را با be، do، does و کلمه‌های پرسشی رایج توضیح می‌دهد.	00:08:00	1	9	\N
14	Basic sentence order	این درس ترتیب پایه جمله در انگلیسی را با الگوی فاعل، فعل و مفعول و جای معمول توضیحات زمان و مکان توضیح می‌دهد.	00:08:00	1	3	\N
\.


--
-- Data for Name: GrammarLesson; Type: TABLE DATA; Schema: public; Owner: postgres
--

COPY public."GrammarLesson" ("Id", "Title", "HtmlTag", "Content", "Order", "Language", "VoiceId", "GrammarId") FROM stdin;
13	حروف تعریف	1	حروف تعریف	1	fa	0	10
14	حروف تعریف	0	در انگلیسی قبل از بعضی اسم‌ها از article استفاده می‌کنیم. سه article اصلی در این درس a، an و the هستند. این کلمات کمک می‌کنند بفهمیم اسم موردنظر برای شنونده نامشخص است یا مشخص، و به همین دلیل در جمله‌سازی روزمره خیلی مهم هستند.	2	fa	0	10
15	کاربرد 1: a برای اسم مفرد قابل‌شمارش و غیرمشخص	2	کاربرد 1: a برای اسم مفرد قابل‌شمارش و غیرمشخص	3	fa	0	10
16	کاربرد 1: a برای اسم مفرد قابل‌شمارش و غیرمشخص	0	I need a pen.	4	en	0	10
17	کاربرد 1: a برای اسم مفرد قابل‌شمارش و غیرمشخص	0	در این مثال، pen یک خودکار نامشخص است. گوینده فقط به یک خودکار نیاز دارد و مشخص نیست کدام خودکار، پس از a استفاده می‌کنیم.	5	fa	0	10
18	کاربرد 2: an برای اسم مفرد قابل‌شمارش با صدای اول مصوت	2	کاربرد 2: an برای اسم مفرد قابل‌شمارش با صدای اول مصوت	6	fa	0	10
19	کاربرد 2: an برای اسم مفرد قابل‌شمارش با صدای اول مصوت	0	She ate an apple.	7	en	0	10
20	کاربرد 2: an برای اسم مفرد قابل‌شمارش با صدای اول مصوت	0	اینجا apple با صدای مصوت شروع می‌شود، بنابراین به جای a از an استفاده می‌کنیم. اسم هم مفرد و قابل‌شمارش است و به یک مورد نامشخص اشاره دارد.	8	fa	0	10
21	کاربرد 3: the برای اسم مشخص	2	کاربرد 3: the برای اسم مشخص	9	fa	0	10
22	کاربرد 3: the برای اسم مشخص	0	The door is open.	10	en	0	10
23	کاربرد 3: the برای اسم مشخص	0	در این جمله door برای شنونده و گوینده مشخص است؛ مثلا هر دو می‌دانند درباره درِ اتاق حرف می‌زنند. به همین دلیل از the استفاده می‌شود.	11	fa	0	10
24	نکته مهم	2	نکته مهم	12	fa	0	10
25	نکته مهم	0	به طور کلی وقتی اسم را برای اولین بار و به شکل نامشخص معرفی می‌کنیم، معمولا از a یا an استفاده می‌کنیم. وقتی همان اسم بعدا مشخص می‌شود یا از قبل برای مخاطب روشن است، معمولا از the استفاده می‌کنیم.	13	fa	0	10
26	مثال‌های بیشتر	2	مثال‌های بیشتر	14	fa	0	10
27	مثال‌های بیشتر	0	I saw a cat. The cat was under the table.	15	en	0	10
28	مثال‌های بیشتر	0	در بخش اول، a cat یعنی یک گربه نامشخص. در بخش دوم، چون حالا همان گربه مشخص شده است، از the cat استفاده می‌کنیم.	16	fa	0	10
29	مثال‌های بیشتر	0	He wants an orange.	17	en	0	10
30	مثال‌های بیشتر	0	در این مثال orange با صدای مصوت شروع می‌شود، پس an درست است. همچنین منظور یک پرتقال نامشخص است، نه یک پرتقال خاص.	18	fa	0	10
31	فرق a و an	1	فرق a و an	19	fa	0	10
32	فرق a و an	0	فرق اصلی بین a و an در شکل نوشتاری کلمه نیست، بلکه در صدای اول کلمه است. اگر اسم با صدای همخوان شروع شود، معمولا a می‌آید و اگر با صدای مصوت شروع شود، معمولا an می‌آید.	20	fa	0	10
33	کاربرد 1: a قبل از صدای همخوان	2	کاربرد 1: a قبل از صدای همخوان	21	fa	0	10
34	کاربرد 1: a قبل از صدای همخوان	0	He bought a book.	22	en	0	10
35	کاربرد 1: a قبل از صدای همخوان	0	کلمه book با صدای /b/ شروع می‌شود که صدای همخوان است، بنابراین a درست است. اسم هم مفرد، قابل‌شمارش و نامشخص است.	23	fa	0	10
36	کاربرد 2: an قبل از صدای مصوت	2	کاربرد 2: an قبل از صدای مصوت	24	fa	0	10
37	کاربرد 2: an قبل از صدای مصوت	0	She has an umbrella.	25	en	0	10
38	کاربرد 2: an قبل از صدای مصوت	0	کلمه umbrella با صدای مصوت شروع می‌شود، پس an می‌آید. باز هم اسم مفرد و قابل‌شمارش است و به یک مورد خاص اشاره نمی‌کند.	26	fa	0	10
39	کاربرد 3: صدا مهم‌تر از حرف اول است	2	کاربرد 3: صدا مهم‌تر از حرف اول است	27	fa	0	10
40	کاربرد 3: صدا مهم‌تر از حرف اول است	0	She studies at a university.	28	en	0	10
41	کاربرد 3: صدا مهم‌تر از حرف اول است	0	با اینکه university با حرف u شروع می‌شود، صدای اول آن /ju:/ است که شبیه y است و همخوان حساب می‌شود. به همین دلیل a university درست است، نه an university.	29	fa	0	10
42	نکته مهم	2	نکته مهم	30	fa	0	10
43	نکته مهم	0	گاهی حرف اول کلمه ما را گمراه می‌کند. مثلا hour با حرف h شروع می‌شود، اما h در تلفظ خوانده نمی‌شود و کلمه با صدای مصوت شروع می‌شود. پس باید به صدا گوش کنیم، نه فقط به املا.	31	fa	0	10
44	مثال‌های بیشتر	2	مثال‌های بیشتر	32	fa	0	10
45	مثال‌های بیشتر	0	It took an hour.	33	en	0	10
46	مثال‌های بیشتر	0	در این مثال h در hour بی‌صدا است و کلمه با صدای /au/ شروع می‌شود، بنابراین an hour درست است.	34	fa	0	10
47	مثال‌های بیشتر	0	They visited a European city.	35	en	0	10
48	مثال‌های بیشتر	0	European با اینکه با حرف e شروع می‌شود، صدای اول آن /ju:/ است. برای همین a European city درست است.	36	fa	0	10
49	the و مرور نهایی	1	the و مرور نهایی	37	fa	0	10
50	the و مرور نهایی	0	حرف تعریف the زمانی استفاده می‌شود که اسم برای گوینده و شنونده مشخص باشد. این مشخص بودن می‌تواند به خاطر اشاره قبلی در جمله، موقعیت روشن، یا یکتا بودن آن چیز باشد.	38	fa	0	10
51	کاربرد 1: اسم قبلا معرفی شده است	2	کاربرد 1: اسم قبلا معرفی شده است	39	fa	0	10
52	کاربرد 1: اسم قبلا معرفی شده است	0	I bought a book. The book is interesting.	40	en	0	10
53	کاربرد 1: اسم قبلا معرفی شده است	0	در جمله اول book برای اولین بار و به شکل نامشخص آمده است، پس a book می‌گوییم. در جمله دوم همان کتاب مشخص شده است، بنابراین از the book استفاده می‌کنیم.	41	fa	0	10
54	کاربرد 2: اسم در موقعیت مشخص است	2	کاربرد 2: اسم در موقعیت مشخص است	42	fa	0	10
55	کاربرد 2: اسم در موقعیت مشخص است	0	Please close the window.	43	en	0	10
56	کاربرد 2: اسم در موقعیت مشخص است	0	در اینجا منظور یک پنجره مشخص در همان موقعیت است؛ مثلا پنجره اتاقی که هر دو نفر داخل آن هستند. به همین دلیل the window طبیعی است.	44	fa	0	10
57	کاربرد 3: چیز یکتا یا کاملا روشن	2	کاربرد 3: چیز یکتا یا کاملا روشن	45	fa	0	10
58	کاربرد 3: چیز یکتا یا کاملا روشن	0	The sun is hot.	46	en	0	10
59	کاربرد 3: چیز یکتا یا کاملا روشن	0	خورشید برای همه مشخص و یکتا است، بنابراین از the استفاده می‌کنیم. در اینجا شنونده دقیقا می‌داند درباره چه چیزی صحبت می‌شود.	47	fa	0	10
60	نکته مهم	2	نکته مهم	48	fa	0	10
61	نکته مهم	0	همه اسم‌های مفرد قابل‌شمارش the نمی‌گیرند. اگر اسم جدید و نامشخص باشد، معمولا a یا an لازم است. اگر مشخص باشد، the می‌آید. همین تفاوت ساده پایه اصلی این درس است.	49	fa	0	10
62	مثال‌های بیشتر	2	مثال‌های بیشتر	50	fa	0	10
63	مثال‌های بیشتر	0	The car is outside.	51	en	0	10
64	مثال‌های بیشتر	0	اینجا car برای مخاطب مشخص است؛ مثلا هر دو می‌دانند منظور کدام ماشین است. برای همین the car درست است.	52	fa	0	10
65	مثال‌های بیشتر	0	Can you open the door?	53	en	0	10
66	مثال‌های بیشتر	0	در این جمله door یک در مشخص در همان موقعیت است. شنونده لازم نیست حدس بزند کدام در، پس the به کار می‌رود.	54	fa	0	10
67	منفی کردن جمله‌های ساده	1	منفی کردن جمله‌های ساده	1	fa	0	11
68	منفی کردن جمله‌های ساده	0	برای منفی کردن جمله در انگلیسی روش یکسانی برای همه فعل‌ها نداریم. با فعل be مستقیما not می‌آوریم، اما با بیشتر فعل‌های معمول باید از do not یا does not استفاده کنیم. شناخت این تفاوت برای ساخت جمله‌های درست ضروری است.	2	fa	0	11
69	کاربرد 1: منفی با فعل be	2	کاربرد 1: منفی با فعل be	3	fa	0	11
70	کاربرد 1: منفی با فعل be	0	I am not tired.	4	en	0	11
71	کاربرد 1: منفی با فعل be	0	در این جمله not مستقیم بعد از am آمده است. چون فعل اصلی جمله be است، برای منفی کردن به do نیاز نداریم.	5	fa	0	11
72	کاربرد 2: منفی با فعل معمول	2	کاربرد 2: منفی با فعل معمول	6	fa	0	11
73	کاربرد 2: منفی با فعل معمول	0	They do not like fish.	7	en	0	11
74	کاربرد 2: منفی با فعل معمول	0	اینجا چون like یک فعل معمول است، از do not استفاده کرده‌ایم. فعل اصلی بعد از آن به شکل پایه باقی مانده است.	8	fa	0	11
75	نکته مهم	2	نکته مهم	9	fa	0	11
76	نکته مهم	0	با he، she و it باید از does not استفاده کنیم، نه do not. همچنین وقتی does می‌آید، فعل اصلی دیگر s نمی‌گیرد و به شکل پایه برمی‌گردد.	10	fa	0	11
77	مثال‌های بیشتر	2	مثال‌های بیشتر	11	fa	0	11
78	مثال‌های بیشتر	0	He does not play basketball.	12	en	0	11
79	مثال‌های بیشتر	0	در این مثال does not جمله را منفی کرده و play بدون s آمده است. این ساختار مخصوص سوم شخص مفرد است.	13	fa	0	11
80	مثال‌های بیشتر	0	We are not late.	14	en	0	11
81	مثال‌های بیشتر	0	اینجا منفی کردن فقط با افزودن not بعد از are انجام شده است. این تفاوت be با فعل‌های معمول را نشان می‌دهد.	15	fa	0	11
82	سوال‌های بله یا خیر	1	سوال‌های بله یا خیر	16	fa	0	11
232	کاربرد 2: مکان بعد از فعل یا مفعول	0	We eat lunch at school.	22	en	0	14
83	سوال‌های بله یا خیر	0	برای ساخت سوال‌های yes/no باید فعل کمکی یا خود be را به ابتدای جمله بیاوریم. این سوال‌ها معمولا پاسخ کوتاه بله یا خیر می‌خواهند و در مکالمه روزمره بسیار رایج هستند.	17	fa	0	11
84	کاربرد 1: پرسشی با be	2	کاربرد 1: پرسشی با be	18	fa	0	11
85	کاربرد 1: پرسشی با be	0	Are you ready?	19	en	0	11
86	کاربرد 1: پرسشی با be	0	در این سوال are قبل از فاعل آمده است. همین جابه‌جایی جمله خبری را به سوال بله یا خیر تبدیل کرده است.	20	fa	0	11
87	کاربرد 2: پرسشی با do و does	2	کاربرد 2: پرسشی با do و does	21	fa	0	11
88	کاربرد 2: پرسشی با do و does	0	Does she work here?	22	en	0	11
89	کاربرد 2: پرسشی با do و does	0	چون فعل اصلی work یک فعل معمول است، از does برای ساخت سوال استفاده شده است. فعل اصلی هم به شکل پایه آمده است.	23	fa	0	11
90	نکته مهم	2	نکته مهم	24	fa	0	11
91	نکته مهم	0	در پاسخ کوتاه معمولا همان فعل کمکی یا be را تکرار می‌کنیم. این کار هم طبیعی است و هم نشان می‌دهد ساختار سوال را درست فهمیده‌ایم.	25	fa	0	11
92	مثال‌های بیشتر	2	مثال‌های بیشتر	26	fa	0	11
93	مثال‌های بیشتر	0	Do they speak English?	27	en	0	11
94	مثال‌های بیشتر	0	اینجا do در اول جمله قرار گرفته تا سوال ساخته شود. چون فاعل they است، از do استفاده می‌کنیم.	28	fa	0	11
95	مثال‌های بیشتر	0	Is the shop open?	29	en	0	11
96	مثال‌های بیشتر	0	در این مثال خود is در ابتدای جمله آمده است، چون be فعل اصلی است. این ساختار برای پرسیدن وضعیت یا ویژگی بسیار رایج است.	30	fa	0	11
97	سوال‌های wh و پاسخ کوتاه	1	سوال‌های wh و پاسخ کوتاه	31	fa	0	11
98	سوال‌های wh و پاسخ کوتاه	0	اگر بخواهیم اطلاعات مشخص‌تری بگیریم، از کلمه‌های پرسشی مثل where، what و when استفاده می‌کنیم. این کلمه‌ها معمولا در ابتدای جمله می‌آیند و بعد از آن‌ها ساختار پرسشی معمول ادامه پیدا می‌کند.	32	fa	0	11
99	کاربرد 1: پرسیدن درباره مکان	2	کاربرد 1: پرسیدن درباره مکان	33	fa	0	11
100	کاربرد 1: پرسیدن درباره مکان	0	Where do they live?	34	en	0	11
101	کاربرد 1: پرسیدن درباره مکان	0	در این سوال where در ابتدا آمده و بعد از آن do و فاعل قرار گرفته‌اند. این الگو برای پرسیدن مکان با فعل معمول است.	35	fa	0	11
102	کاربرد 2: پرسیدن درباره اطلاعات پایه	2	کاربرد 2: پرسیدن درباره اطلاعات پایه	36	fa	0	11
103	کاربرد 2: پرسیدن درباره اطلاعات پایه	0	What is your name?	37	en	0	11
104	کاربرد 2: پرسیدن درباره اطلاعات پایه	0	اینجا چون فعل اصلی be است، بعد از what مستقیما is آمده است. این ساختار برای سوال‌های معرفی و اطلاعات شخصی بسیار رایج است.	38	fa	0	11
105	نکته مهم	2	نکته مهم	39	fa	0	11
106	نکته مهم	0	در سوال‌های wh هم باید به نوع فعل توجه کنیم. اگر جمله با be ساخته شود، از خود be استفاده می‌کنیم و اگر فعل معمول داشته باشیم، معمولا do یا does لازم می‌شود.	40	fa	0	11
107	مثال‌های بیشتر	2	مثال‌های بیشتر	41	fa	0	11
108	مثال‌های بیشتر	0	When does the class start?	42	en	0	11
109	مثال‌های بیشتر	0	در این مثال when زمان را می‌پرسد و چون فاعل سوم شخص مفرد است، does به کار رفته است. start هم به شکل پایه آمده است.	43	fa	0	11
110	مثال‌های بیشتر	0	Who is that girl?	44	en	0	11
111	مثال‌های بیشتر	0	اینجا who برای پرسیدن هویت یک شخص استفاده شده و بعد از آن فعل be آمده است. این ساختار کوتاه و طبیعی است.	45	fa	0	11
112	حروف تعریف	1	حروف تعریف	1	fa	0	12
113	حروف تعریف	0	در انگلیسی قبل از بعضی اسم‌ها از article استفاده می‌کنیم. سه article اصلی در این درس a، an و the هستند. این کلمات کمک می‌کنند بفهمیم اسم موردنظر برای شنونده نامشخص است یا مشخص، و به همین دلیل در جمله‌سازی روزمره خیلی مهم هستند.	2	fa	0	12
114	کاربرد 1: a برای اسم مفرد قابل‌شمارش و غیرمشخص	2	کاربرد 1: a برای اسم مفرد قابل‌شمارش و غیرمشخص	3	fa	0	12
115	کاربرد 1: a برای اسم مفرد قابل‌شمارش و غیرمشخص	0	I need a pen.	4	en	0	12
116	کاربرد 1: a برای اسم مفرد قابل‌شمارش و غیرمشخص	0	در این مثال، pen یک خودکار نامشخص است. گوینده فقط به یک خودکار نیاز دارد و مشخص نیست کدام خودکار، پس از a استفاده می‌کنیم.	5	fa	0	12
117	کاربرد 2: an برای اسم مفرد قابل‌شمارش با صدای اول مصوت	2	کاربرد 2: an برای اسم مفرد قابل‌شمارش با صدای اول مصوت	6	fa	0	12
118	کاربرد 2: an برای اسم مفرد قابل‌شمارش با صدای اول مصوت	0	She ate an apple.	7	en	0	12
119	کاربرد 2: an برای اسم مفرد قابل‌شمارش با صدای اول مصوت	0	اینجا apple با صدای مصوت شروع می‌شود، بنابراین به جای a از an استفاده می‌کنیم. اسم هم مفرد و قابل‌شمارش است و به یک مورد نامشخص اشاره دارد.	8	fa	0	12
120	کاربرد 3: the برای اسم مشخص	2	کاربرد 3: the برای اسم مشخص	9	fa	0	12
121	کاربرد 3: the برای اسم مشخص	0	The door is open.	10	en	0	12
122	کاربرد 3: the برای اسم مشخص	0	در این جمله door برای شنونده و گوینده مشخص است؛ مثلا هر دو می‌دانند درباره درِ اتاق حرف می‌زنند. به همین دلیل از the استفاده می‌شود.	11	fa	0	12
123	نکته مهم	2	نکته مهم	12	fa	0	12
124	نکته مهم	0	به طور کلی وقتی اسم را برای اولین بار و به شکل نامشخص معرفی می‌کنیم، معمولا از a یا an استفاده می‌کنیم. وقتی همان اسم بعدا مشخص می‌شود یا از قبل برای مخاطب روشن است، معمولا از the استفاده می‌کنیم.	13	fa	0	12
125	مثال‌های بیشتر	2	مثال‌های بیشتر	14	fa	0	12
126	مثال‌های بیشتر	0	I saw a cat. The cat was under the table.	15	en	0	12
127	مثال‌های بیشتر	0	در بخش اول، a cat یعنی یک گربه نامشخص. در بخش دوم، چون حالا همان گربه مشخص شده است، از the cat استفاده می‌کنیم.	16	fa	0	12
128	مثال‌های بیشتر	0	He wants an orange.	17	en	0	12
129	مثال‌های بیشتر	0	در این مثال orange با صدای مصوت شروع می‌شود، پس an درست است. همچنین منظور یک پرتقال نامشخص است، نه یک پرتقال خاص.	18	fa	0	12
130	فرق a و an	1	فرق a و an	19	fa	0	12
131	فرق a و an	0	فرق اصلی بین a و an در شکل نوشتاری کلمه نیست، بلکه در صدای اول کلمه است. اگر اسم با صدای همخوان شروع شود، معمولا a می‌آید و اگر با صدای مصوت شروع شود، معمولا an می‌آید.	20	fa	0	12
132	کاربرد 1: a قبل از صدای همخوان	2	کاربرد 1: a قبل از صدای همخوان	21	fa	0	12
133	کاربرد 1: a قبل از صدای همخوان	0	He bought a book.	22	en	0	12
134	کاربرد 1: a قبل از صدای همخوان	0	کلمه book با صدای /b/ شروع می‌شود که صدای همخوان است، بنابراین a درست است. اسم هم مفرد، قابل‌شمارش و نامشخص است.	23	fa	0	12
135	کاربرد 2: an قبل از صدای مصوت	2	کاربرد 2: an قبل از صدای مصوت	24	fa	0	12
136	کاربرد 2: an قبل از صدای مصوت	0	She has an umbrella.	25	en	0	12
137	کاربرد 2: an قبل از صدای مصوت	0	کلمه umbrella با صدای مصوت شروع می‌شود، پس an می‌آید. باز هم اسم مفرد و قابل‌شمارش است و به یک مورد خاص اشاره نمی‌کند.	26	fa	0	12
138	کاربرد 3: صدا مهم‌تر از حرف اول است	2	کاربرد 3: صدا مهم‌تر از حرف اول است	27	fa	0	12
139	کاربرد 3: صدا مهم‌تر از حرف اول است	0	She studies at a university.	28	en	0	12
140	کاربرد 3: صدا مهم‌تر از حرف اول است	0	با اینکه university با حرف u شروع می‌شود، صدای اول آن /ju:/ است که شبیه y است و همخوان حساب می‌شود. به همین دلیل a university درست است، نه an university.	29	fa	0	12
141	نکته مهم	2	نکته مهم	30	fa	0	12
142	نکته مهم	0	گاهی حرف اول کلمه ما را گمراه می‌کند. مثلا hour با حرف h شروع می‌شود، اما h در تلفظ خوانده نمی‌شود و کلمه با صدای مصوت شروع می‌شود. پس باید به صدا گوش کنیم، نه فقط به املا.	31	fa	0	12
143	مثال‌های بیشتر	2	مثال‌های بیشتر	32	fa	0	12
144	مثال‌های بیشتر	0	It took an hour.	33	en	0	12
145	مثال‌های بیشتر	0	در این مثال h در hour بی‌صدا است و کلمه با صدای /au/ شروع می‌شود، بنابراین an hour درست است.	34	fa	0	12
146	مثال‌های بیشتر	0	They visited a European city.	35	en	0	12
147	مثال‌های بیشتر	0	European با اینکه با حرف e شروع می‌شود، صدای اول آن /ju:/ است. برای همین a European city درست است.	36	fa	0	12
148	the و مرور نهایی	1	the و مرور نهایی	37	fa	0	12
149	the و مرور نهایی	0	حرف تعریف the زمانی استفاده می‌شود که اسم برای گوینده و شنونده مشخص باشد. این مشخص بودن می‌تواند به خاطر اشاره قبلی در جمله، موقعیت روشن، یا یکتا بودن آن چیز باشد.	38	fa	0	12
150	کاربرد 1: اسم قبلا معرفی شده است	2	کاربرد 1: اسم قبلا معرفی شده است	39	fa	0	12
151	کاربرد 1: اسم قبلا معرفی شده است	0	I bought a book. The book is interesting.	40	en	0	12
152	کاربرد 1: اسم قبلا معرفی شده است	0	در جمله اول book برای اولین بار و به شکل نامشخص آمده است، پس a book می‌گوییم. در جمله دوم همان کتاب مشخص شده است، بنابراین از the book استفاده می‌کنیم.	41	fa	0	12
153	کاربرد 2: اسم در موقعیت مشخص است	2	کاربرد 2: اسم در موقعیت مشخص است	42	fa	0	12
154	کاربرد 2: اسم در موقعیت مشخص است	0	Please close the window.	43	en	0	12
155	کاربرد 2: اسم در موقعیت مشخص است	0	در اینجا منظور یک پنجره مشخص در همان موقعیت است؛ مثلا پنجره اتاقی که هر دو نفر داخل آن هستند. به همین دلیل the window طبیعی است.	44	fa	0	12
156	کاربرد 3: چیز یکتا یا کاملا روشن	2	کاربرد 3: چیز یکتا یا کاملا روشن	45	fa	0	12
157	کاربرد 3: چیز یکتا یا کاملا روشن	0	The sun is hot.	46	en	0	12
158	کاربرد 3: چیز یکتا یا کاملا روشن	0	خورشید برای همه مشخص و یکتا است، بنابراین از the استفاده می‌کنیم. در اینجا شنونده دقیقا می‌داند درباره چه چیزی صحبت می‌شود.	47	fa	0	12
159	نکته مهم	2	نکته مهم	48	fa	0	12
160	نکته مهم	0	همه اسم‌های مفرد قابل‌شمارش the نمی‌گیرند. اگر اسم جدید و نامشخص باشد، معمولا a یا an لازم است. اگر مشخص باشد، the می‌آید. همین تفاوت ساده پایه اصلی این درس است.	49	fa	0	12
161	مثال‌های بیشتر	2	مثال‌های بیشتر	50	fa	0	12
162	مثال‌های بیشتر	0	The car is outside.	51	en	0	12
163	مثال‌های بیشتر	0	اینجا car برای مخاطب مشخص است؛ مثلا هر دو می‌دانند منظور کدام ماشین است. برای همین the car درست است.	52	fa	0	12
164	مثال‌های بیشتر	0	Can you open the door?	53	en	0	12
165	مثال‌های بیشتر	0	در این جمله door یک در مشخص در همان موقعیت است. شنونده لازم نیست حدس بزند کدام در، پس the به کار می‌رود.	54	fa	0	12
166	منفی کردن جمله‌های ساده	1	منفی کردن جمله‌های ساده	1	fa	0	13
167	منفی کردن جمله‌های ساده	0	برای منفی کردن جمله در انگلیسی روش یکسانی برای همه فعل‌ها نداریم. با فعل be مستقیما not می‌آوریم، اما با بیشتر فعل‌های معمول باید از do not یا does not استفاده کنیم. شناخت این تفاوت برای ساخت جمله‌های درست ضروری است.	2	fa	0	13
168	کاربرد 1: منفی با فعل be	2	کاربرد 1: منفی با فعل be	3	fa	0	13
169	کاربرد 1: منفی با فعل be	0	I am not tired.	4	en	0	13
170	کاربرد 1: منفی با فعل be	0	در این جمله not مستقیم بعد از am آمده است. چون فعل اصلی جمله be است، برای منفی کردن به do نیاز نداریم.	5	fa	0	13
171	کاربرد 2: منفی با فعل معمول	2	کاربرد 2: منفی با فعل معمول	6	fa	0	13
172	کاربرد 2: منفی با فعل معمول	0	They do not like fish.	7	en	0	13
173	کاربرد 2: منفی با فعل معمول	0	اینجا چون like یک فعل معمول است، از do not استفاده کرده‌ایم. فعل اصلی بعد از آن به شکل پایه باقی مانده است.	8	fa	0	13
174	نکته مهم	2	نکته مهم	9	fa	0	13
175	نکته مهم	0	با he، she و it باید از does not استفاده کنیم، نه do not. همچنین وقتی does می‌آید، فعل اصلی دیگر s نمی‌گیرد و به شکل پایه برمی‌گردد.	10	fa	0	13
176	مثال‌های بیشتر	2	مثال‌های بیشتر	11	fa	0	13
177	مثال‌های بیشتر	0	He does not play basketball.	12	en	0	13
178	مثال‌های بیشتر	0	در این مثال does not جمله را منفی کرده و play بدون s آمده است. این ساختار مخصوص سوم شخص مفرد است.	13	fa	0	13
179	مثال‌های بیشتر	0	We are not late.	14	en	0	13
180	مثال‌های بیشتر	0	اینجا منفی کردن فقط با افزودن not بعد از are انجام شده است. این تفاوت be با فعل‌های معمول را نشان می‌دهد.	15	fa	0	13
181	سوال‌های بله یا خیر	1	سوال‌های بله یا خیر	16	fa	0	13
182	سوال‌های بله یا خیر	0	برای ساخت سوال‌های yes/no باید فعل کمکی یا خود be را به ابتدای جمله بیاوریم. این سوال‌ها معمولا پاسخ کوتاه بله یا خیر می‌خواهند و در مکالمه روزمره بسیار رایج هستند.	17	fa	0	13
183	کاربرد 1: پرسشی با be	2	کاربرد 1: پرسشی با be	18	fa	0	13
184	کاربرد 1: پرسشی با be	0	Are you ready?	19	en	0	13
185	کاربرد 1: پرسشی با be	0	در این سوال are قبل از فاعل آمده است. همین جابه‌جایی جمله خبری را به سوال بله یا خیر تبدیل کرده است.	20	fa	0	13
186	کاربرد 2: پرسشی با do و does	2	کاربرد 2: پرسشی با do و does	21	fa	0	13
187	کاربرد 2: پرسشی با do و does	0	Does she work here?	22	en	0	13
188	کاربرد 2: پرسشی با do و does	0	چون فعل اصلی work یک فعل معمول است، از does برای ساخت سوال استفاده شده است. فعل اصلی هم به شکل پایه آمده است.	23	fa	0	13
189	نکته مهم	2	نکته مهم	24	fa	0	13
190	نکته مهم	0	در پاسخ کوتاه معمولا همان فعل کمکی یا be را تکرار می‌کنیم. این کار هم طبیعی است و هم نشان می‌دهد ساختار سوال را درست فهمیده‌ایم.	25	fa	0	13
191	مثال‌های بیشتر	2	مثال‌های بیشتر	26	fa	0	13
192	مثال‌های بیشتر	0	Do they speak English?	27	en	0	13
193	مثال‌های بیشتر	0	اینجا do در اول جمله قرار گرفته تا سوال ساخته شود. چون فاعل they است، از do استفاده می‌کنیم.	28	fa	0	13
194	مثال‌های بیشتر	0	Is the shop open?	29	en	0	13
195	مثال‌های بیشتر	0	در این مثال خود is در ابتدای جمله آمده است، چون be فعل اصلی است. این ساختار برای پرسیدن وضعیت یا ویژگی بسیار رایج است.	30	fa	0	13
196	سوال‌های wh و پاسخ کوتاه	1	سوال‌های wh و پاسخ کوتاه	31	fa	0	13
197	سوال‌های wh و پاسخ کوتاه	0	اگر بخواهیم اطلاعات مشخص‌تری بگیریم، از کلمه‌های پرسشی مثل where، what و when استفاده می‌کنیم. این کلمه‌ها معمولا در ابتدای جمله می‌آیند و بعد از آن‌ها ساختار پرسشی معمول ادامه پیدا می‌کند.	32	fa	0	13
198	کاربرد 1: پرسیدن درباره مکان	2	کاربرد 1: پرسیدن درباره مکان	33	fa	0	13
199	کاربرد 1: پرسیدن درباره مکان	0	Where do they live?	34	en	0	13
200	کاربرد 1: پرسیدن درباره مکان	0	در این سوال where در ابتدا آمده و بعد از آن do و فاعل قرار گرفته‌اند. این الگو برای پرسیدن مکان با فعل معمول است.	35	fa	0	13
201	کاربرد 2: پرسیدن درباره اطلاعات پایه	2	کاربرد 2: پرسیدن درباره اطلاعات پایه	36	fa	0	13
202	کاربرد 2: پرسیدن درباره اطلاعات پایه	0	What is your name?	37	en	0	13
203	کاربرد 2: پرسیدن درباره اطلاعات پایه	0	اینجا چون فعل اصلی be است، بعد از what مستقیما is آمده است. این ساختار برای سوال‌های معرفی و اطلاعات شخصی بسیار رایج است.	38	fa	0	13
204	نکته مهم	2	نکته مهم	39	fa	0	13
205	نکته مهم	0	در سوال‌های wh هم باید به نوع فعل توجه کنیم. اگر جمله با be ساخته شود، از خود be استفاده می‌کنیم و اگر فعل معمول داشته باشیم، معمولا do یا does لازم می‌شود.	40	fa	0	13
206	مثال‌های بیشتر	2	مثال‌های بیشتر	41	fa	0	13
207	مثال‌های بیشتر	0	When does the class start?	42	en	0	13
208	مثال‌های بیشتر	0	در این مثال when زمان را می‌پرسد و چون فاعل سوم شخص مفرد است، does به کار رفته است. start هم به شکل پایه آمده است.	43	fa	0	13
209	مثال‌های بیشتر	0	Who is that girl?	44	en	0	13
210	مثال‌های بیشتر	0	اینجا who برای پرسیدن هویت یک شخص استفاده شده و بعد از آن فعل be آمده است. این ساختار کوتاه و طبیعی است.	45	fa	0	13
211	ترتیب اصلی جمله	1	ترتیب اصلی جمله	1	fa	0	14
212	ترتیب اصلی جمله	0	در بیشتر جمله‌های ساده انگلیسی ترتیب کلمات ثابت‌تر از فارسی است. الگوی رایج این است که اول فاعل می‌آید، بعد فعل، و اگر لازم باشد بعد از آن مفعول یا بقیه اطلاعات قرار می‌گیرد. دانستن این نظم برای ساخت جمله درست ضروری است.	2	fa	0	14
213	کاربرد 1: الگوی فاعل + فعل	2	کاربرد 1: الگوی فاعل + فعل	3	fa	0	14
214	کاربرد 1: الگوی فاعل + فعل	0	Birds sing.	4	en	0	14
215	کاربرد 1: الگوی فاعل + فعل	0	در این جمله birds فاعل است و sing فعل. حتی در کوتاه‌ترین جمله هم معمولا اول فاعل و بعد فعل می‌آید.	5	fa	0	14
216	کاربرد 2: الگوی فاعل + فعل + مفعول	2	کاربرد 2: الگوی فاعل + فعل + مفعول	6	fa	0	14
217	کاربرد 2: الگوی فاعل + فعل + مفعول	0	I drink tea.	7	en	0	14
218	کاربرد 2: الگوی فاعل + فعل + مفعول	0	اینجا I فاعل، drink فعل و tea مفعول است. این یکی از پایه‌ای‌ترین الگوهای جمله‌سازی در انگلیسی است.	8	fa	0	14
219	نکته مهم	2	نکته مهم	9	fa	0	14
220	نکته مهم	0	اگر ترتیب کلمات را بی‌دلیل عوض کنیم، جمله ممکن است نادرست یا غیرطبیعی شود. برخلاف فارسی، در انگلیسی جای کلمات آزادی کمتری دارد و معنی بیشتر به جای کلمات وابسته است.	10	fa	0	14
221	مثال‌های بیشتر	2	مثال‌های بیشتر	11	fa	0	14
222	مثال‌های بیشتر	0	She reads books.	12	en	0	14
223	مثال‌های بیشتر	0	این مثال همان الگوی ساده فاعل، فعل و مفعول را نشان می‌دهد و برای جمله‌های خبری روزمره بسیار رایج است.	13	fa	0	14
224	مثال‌های بیشتر	0	They play football.	14	en	0	14
225	مثال‌های بیشتر	0	در این جمله هم فاعل اول آمده، بعد فعل و سپس مفعول. این نظم به شنونده کمک می‌کند نقش هر کلمه را سریع بفهمد.	15	fa	0	14
226	جای صفت، مکان و زمان	1	جای صفت، مکان و زمان	16	fa	0	14
227	جای صفت، مکان و زمان	0	وقتی جمله فقط از فاعل و فعل تشکیل نمی‌شود، باید بدانیم اطلاعات اضافه کجا می‌آیند. صفت معمولا قبل از اسم می‌آید، و عبارت‌های مکان و زمان اغلب بعد از فعل یا بعد از مفعول قرار می‌گیرند.	17	fa	0	14
228	کاربرد 1: صفت قبل از اسم	2	کاربرد 1: صفت قبل از اسم	18	fa	0	14
229	کاربرد 1: صفت قبل از اسم	0	She has a small bag.	19	en	0	14
230	کاربرد 1: صفت قبل از اسم	0	در این مثال small قبل از bag آمده است. در انگلیسی صفت معمولا پیش از اسمی می‌آید که آن را توصیف می‌کند.	20	fa	0	14
231	کاربرد 2: مکان بعد از فعل یا مفعول	2	کاربرد 2: مکان بعد از فعل یا مفعول	21	fa	0	14
233	کاربرد 2: مکان بعد از فعل یا مفعول	0	اینجا at school بعد از بخش اصلی جمله آمده و مکان را توضیح می‌دهد. این جایگاه برای عبارت‌های مکانی خیلی رایج است.	23	fa	0	14
234	نکته مهم	2	نکته مهم	24	fa	0	14
235	نکته مهم	0	وقتی هم زمان و هم مکان داریم، معمولا مکان به فعل نزدیک‌تر می‌آید و زمان آخر جمله می‌آید. این ترتیب همیشه مطلق نیست، اما برای سطح پایه الگوی خوبی است.	25	fa	0	14
236	مثال‌های بیشتر	2	مثال‌های بیشتر	26	fa	0	14
237	مثال‌های بیشتر	0	My father works in a bank.	27	en	0	14
238	مثال‌های بیشتر	0	در این جمله عبارت in a bank بعد از فعل آمده و محل کار را نشان می‌دهد. این ساختار برای توضیح مکان بسیار طبیعی است.	28	fa	0	14
239	مثال‌های بیشتر	0	They study English every day.	29	en	0	14
240	مثال‌های بیشتر	0	اینجا every day در پایان جمله آمده تا زمان یا تکرار کار را مشخص کند. این جایگاه برای عبارت‌های زمانی رایج است.	30	fa	0	14
241	جمله‌های کامل‌تر و مرور	1	جمله‌های کامل‌تر و مرور	31	fa	0	14
242	جمله‌های کامل‌تر و مرور	0	برای ساخت جمله کامل باید قطعات مختلف را به شکل منظم کنار هم بگذاریم. اگر اول فاعل، بعد فعل، سپس مفعول و در پایان اطلاعات اضافی را قرار دهیم، بیشتر جمله‌های پایه انگلیسی درست و روان خواهند بود.	32	fa	0	14
243	کاربرد 1: ترتیب کامل با مفعول و مکان	2	کاربرد 1: ترتیب کامل با مفعول و مکان	33	fa	0	14
244	کاربرد 1: ترتیب کامل با مفعول و مکان	0	The children play games in the park.	34	en	0	14
245	کاربرد 1: ترتیب کامل با مفعول و مکان	0	در این جمله children فاعل، play فعل و games مفعول است و عبارت in the park در پایان مکان را اضافه می‌کند. این نمونه یک جمله کامل و طبیعی است.	35	fa	0	14
246	کاربرد 2: فعل be با مکمل	2	کاربرد 2: فعل be با مکمل	36	fa	0	14
247	کاربرد 2: فعل be با مکمل	0	My room is very clean.	37	en	0	14
248	کاربرد 2: فعل be با مکمل	0	اینجا بعد از be یک عبارت توصیفی آمده است. وقتی فعل be داریم، معمولا به جای مفعول از صفت یا اسم برای کامل کردن معنا استفاده می‌کنیم.	38	fa	0	14
249	نکته مهم	2	نکته مهم	39	fa	0	14
250	نکته مهم	0	اگر می‌خواهیم جمله را گسترش دهیم، بهتر است اول بخش اصلی را درست بسازیم و بعد اطلاعات اضافه را وارد کنیم. این روش جلوی اشتباه در ترتیب کلمات را می‌گیرد.	40	fa	0	14
251	مثال‌های بیشتر	2	مثال‌های بیشتر	41	fa	0	14
252	مثال‌های بیشتر	0	I see my teacher on Mondays.	42	en	0	14
253	مثال‌های بیشتر	0	در این مثال بخش اصلی جمله اول آمده و عبارت on Mondays در آخر زمان را اضافه می‌کند. این ترتیب برای جمله‌های روزمره مناسب است.	43	fa	0	14
254	مثال‌های بیشتر	0	Her cat sleeps on the sofa.	44	en	0	14
255	مثال‌های بیشتر	0	اینجا sleeps بعد از فاعل آمده و عبارت on the sofa مکان را در پایان جمله مشخص می‌کند. ساختار جمله روشن و منظم است.	45	fa	0	14
\.


--
-- Data for Name: GrammarTest; Type: TABLE DATA; Schema: public; Owner: postgres
--

COPY public."GrammarTest" ("Id", "GrammarId", "Question", "Status") FROM stdin;
17	10	John is waiting at ___ station.	1
18	10	John is sad because he needs ___ bus ticket to go home.	1
19	10	The teacher says, "Look in ___ book."	1
20	10	Jane sees ___ orange on the desk.	1
\.


--
-- Data for Name: GrammarTestOption; Type: TABLE DATA; Schema: public; Owner: postgres
--

COPY public."GrammarTestOption" ("Id", "GrammarTestId", "Text", "IsCorrect") FROM stdin;
65	17	a	f
66	17	an	f
67	17	the	t
68	17	some	f
69	18	a	t
70	18	an	f
71	18	the	f
72	18	some	f
73	19	a	f
74	19	an	f
75	19	the	t
76	19	some	f
77	20	a	f
78	20	an	t
79	20	the	f
80	20	some	f
\.


--
-- Data for Name: Language; Type: TABLE DATA; Schema: public; Owner: postgres
--

COPY public."Language" ("Id", "Name") FROM stdin;
1	English
\.


--
-- Data for Name: LeitnerBox; Type: TABLE DATA; Schema: public; Owner: postgres
--

COPY public."LeitnerBox" ("Id", "UserId", "CreatedAt") FROM stdin;
1	3	2026-06-18 10:53:07.681159+00
\.


--
-- Data for Name: LeitnerBoxItem; Type: TABLE DATA; Schema: public; Owner: postgres
--

COPY public."LeitnerBoxItem" ("Id", "LeitnerBoxId", "VocabId", "BoxLevelId", "AddedAt", "NextReviewAt", "ReviewedAt") FROM stdin;
1	1	21	1	2026-06-18 10:53:07.683974+00	2026-06-19 10:53:07.683974+00	\N
\.


--
-- Data for Name: Lesson; Type: TABLE DATA; Schema: public; Owner: postgres
--

COPY public."Lesson" ("Id", "Title", "Order", "Status", "CourseId", "Duration") FROM stdin;
1	A walk in the park	1	1	1	\N
3	Getting to know a new friend	3	1	1	\N
2	Walking home from school	2	1	1	\N
\.


--
-- Data for Name: LessonGrammar; Type: TABLE DATA; Schema: public; Owner: postgres
--

COPY public."LessonGrammar" ("LessonId", "GrammarId") FROM stdin;
1	10
\.


--
-- Data for Name: LessonStory; Type: TABLE DATA; Schema: public; Owner: postgres
--

COPY public."LessonStory" ("LessonId", "StoryId") FROM stdin;
1	1
\.


--
-- Data for Name: LessonVocab; Type: TABLE DATA; Schema: public; Owner: postgres
--

COPY public."LessonVocab" ("LessonId", "VocabId") FROM stdin;
1	3
1	21
1	24
1	31
1	33
1	36
1	37
1	38
1	56
1	60
1	64
1	91
1	92
1	99
1	148
1	149
1	150
1	168
1	173
1	174
\.


--
-- Data for Name: Story; Type: TABLE DATA; Schema: public; Owner: postgres
--

COPY public."Story" ("Id", "Title", "CoverId", "Status", "Duration") FROM stdin;
2	Going home from work	s2.png	1	\N
1	The Ticket at School	s1.png	1	\N
\.


--
-- Data for Name: StoryItem; Type: TABLE DATA; Schema: public; Owner: postgres
--

COPY public."StoryItem" ("Id", "Content", "Translation", "VoiceId", "StoryId", "Order") FROM stdin;
13	Sara is happy, and Tom says thank you.	سارا خوشحال است و تام تشکر می‌کند.	kokoro-20260606164909-e52ab41c5a3f4b4c86e256dd0902d100.mp3	1	12
1	In the morning, Sara is at school.	صبح، سارا در مدرسه است.	kokoro-20260606164904-3cfe526b74344eee90b59e7f6294e5f3.mp3	1	0
2	Her friend Tom is by the door.	دوست او تام کنار در است.	kokoro-20260606164904-80f994febcfa4caebd544835b3298b65.mp3	1	1
3	Tom is sad.	تام ناراحت است.	kokoro-20260606164904-d0618fc84e944fd3ad71ec1a5d746fa2.mp3	1	2
4	He has no bus ticket.	او بلیت اتوبوس ندارد.	kokoro-20260606164905-45b4f322c7f349789131911d08234280.mp3	1	3
5	The bus is at the station, and Tom must go home.	اتوبوس در ایستگاه است و تام باید به خانه برود.	kokoro-20260606164905-673ec2c60c5d4a3dad06b88ca8156a3b.mp3	1	4
6	Sara asks the teacher for help.	سارا از معلم کمک می‌خواهد.	kokoro-20260606164906-e163cd49fdc1441aaf288363657208a4.mp3	1	5
7	The teacher says, "Look in your book."	معلم می‌گوید: «در کتابت نگاه کن.»	kokoro-20260606164906-871cdcfb5418495ab3785c585dcc6590.mp3	1	6
8	Tom opens his book and sees a small paper.	تام کتابش را باز می‌کند و یک کاغذ کوچک می‌بیند.	kokoro-20260606164907-86e907268cae4be781c1c011e67da901.mp3	1	7
9	On the paper, there is a message: "Bring your pen today."	روی کاغذ یک پیام هست: «امروز خودکارت را بیاور.»	kokoro-20260606164907-b02fc7f0a645416eadc4a4683b73fffb.mp3	1	8
10	Under the paper, Tom finds the ticket.	زیر کاغذ، تام بلیت را پیدا می‌کند.	kokoro-20260606164908-369f821eb4064674ab7ee8c29537fe44.mp3	1	9
11	Tom says, "I did not lose it."	تام می‌گوید: «من آن را گم نکردم.»	kokoro-20260606164908-9c3dedb83c0d4fff8d2cc677b93f6789.mp3	1	10
12	The teacher is right.	معلم درست می‌گوید.	kokoro-20260606164909-a03a33e721af445c846829b9af1bb917.mp3	1	11
\.


--
-- Data for Name: StoryItemTimestamp; Type: TABLE DATA; Schema: public; Owner: postgres
--

COPY public."StoryItemTimestamp" ("Id", "Word", "Start", "End", "StoryItemId") FROM stdin;
3	In	0.012625	0.100125	1
4	the	0.100125	0.187625	1
5	morning	0.187625	0.662625	1
6	,	0.662625	0.775125	1
7	Sara	0.775125	1.087625	1
8	is	1.087625	1.212625	1
9	at	1.212625	1.312625	1
10	school	1.312625	1.937625	1
11	.	1.937625	2.087625	1
12	Her	0.0020416668	0.12704167	2
13	friend	0.12704167	0.38954166	2
14	Tom	0.38954166	0.72704166	2
15	is	0.72704166	0.87704164	2
16	by	0.87704164	1.0395417	2
17	the	1.0395417	1.1270417	2
18	door	1.1270417	1.7270417	2
19	.	1.7270417	1.9020417	2
20	Tom	0.022041667	0.23454167	3
21	is	0.23454167	0.35954165	3
22	sad	0.35954165	1.0220417	3
23	.	1.0220417	1.2220417	3
24	He	0.014583333	0.13958333	4
25	has	0.13958333	0.33958334	4
26	no	0.33958334	0.51458335	4
27	bus	0.51458335	0.76458335	4
28	ticket	0.76458335	1.4395833	4
29	.	1.4395833	1.5895833	4
30	The	-0.0018333333	0.07316667	5
31	bus	0.07316667	0.34816667	5
32	is	0.34816667	0.47316667	5
33	at	0.47316667	0.5606667	5
34	the	0.5606667	0.64816666	5
35	station	0.64816666	1.3481667	5
36	,	1.3481667	1.4481666	5
37	and	1.4481666	1.5856667	5
38	Tom	1.5856667	1.9231666	5
39	must	1.9231666	2.1106668	5
40	go	2.1106668	2.2731667	5
41	home	2.2731667	2.8731666	5
42	.	2.8731666	3.0231667	5
43	Sara	0.06345833	0.37595832	6
44	asks	0.37595832	0.7009583	6
45	the	0.7009583	0.78845835	6
46	teacher	0.78845835	1.1634583	6
47	for	1.1634583	1.2884583	6
48	help	1.2884583	1.8384583	6
49	.	1.8384583	2.0134583	6
50	The	0.013083333	0.088083334	7
51	teacher	0.088083334	0.46308333	7
52	says	0.46308333	0.86308336	7
53	,	0.86308336	0.9630833	7
54	"	0.9630833	1.0380833	7
55	Look	1.0380833	1.1755834	7
56	in	1.1755834	1.2505833	7
57	your	1.2505833	1.3630834	7
58	book	1.3630834	1.9380833	7
59	.	1.9380833	2.0880833	7
60	"	2.0880833	2.1130834	7
61	Tom	0.019833334	0.31983334	8
62	opens	0.31983334	0.63233334	8
63	his	0.63233334	0.79483336	8
64	book	0.79483336	1.2073333	8
65	and	1.2073333	1.3448334	8
66	sees	1.3448334	1.5573334	8
67	a	1.5573334	1.6323333	8
68	small	1.6323333	1.9448333	8
69	paper	1.9448333	2.6198332	8
70	.	2.6198332	2.7698333	8
71	On	-0.0077083334	0.10479166	9
72	the	0.10479166	0.19229166	9
73	paper	0.19229166	0.6172917	9
74	,	0.6172917	0.66729164	9
75	there	0.66729164	0.84229165	9
76	is	0.84229165	0.95479167	9
77	a	0.95479167	1.0172917	9
78	message	1.0172917	1.6672916	9
79	:	1.6672916	1.7922916	9
80	"	1.7922916	1.8672917	9
81	Bring	1.8672917	2.0297916	9
82	your	2.0297916	2.1422918	9
83	pen	2.1422918	2.3922918	9
84	today	2.3922918	2.9922917	9
85	.	2.9922917	3.1422918	9
86	"	3.1422918	3.1922917	9
87	Under	0.00375	0.19125	10
88	the	0.19125	0.27875	10
89	paper	0.27875	0.77875	10
90	,	0.77875	0.87875	10
91	Tom	0.87875	1.17875	10
92	finds	1.17875	1.46625	10
93	the	1.46625	1.55375	10
94	ticket	1.55375	2.25375	10
95	.	2.25375	2.40375	10
96	Tom	0.020166667	0.27016667	11
97	says	0.27016667	0.6451667	11
98	,	0.6451667	0.74516666	11
99	"	0.74516666	0.7951667	11
100	I	0.7951667	0.88266665	11
101	did	0.88266665	1.0076667	11
102	not	1.0076667	1.1951667	11
103	lose	1.1951667	1.4826666	11
104	it	1.4826666	1.8951666	11
105	.	1.8951666	2.0201666	11
106	"	2.0201666	2.0451667	11
107	The	0.0035	0.1035	12
108	teacher	0.1035	0.5035	12
109	is	0.5035	0.6535	12
110	right	0.6535	1.2285	12
111	.	1.2285	1.4035	12
112	Sara	0.062	0.337	13
113	is	0.337	0.462	13
114	happy	0.462	0.962	13
115	,	0.962	1.062	13
116	and	1.062	1.187	13
117	Tom	1.187	1.462	13
118	says	1.462	1.712	13
119	thank	1.712	1.962	13
120	you	1.962	2.387	13
121	.	2.387	2.562	13
\.


--
-- Data for Name: User; Type: TABLE DATA; Schema: public; Owner: postgres
--

COPY public."User" ("Id", "DisplayName", "AvatarUrl", "CreatedAt", "LastLogin", "Status") FROM stdin;
3	محسن شکیبا	\N	2026-06-08 09:29:36.089+00	\N	1
\.


--
-- Data for Name: UserCourse; Type: TABLE DATA; Schema: public; Owner: postgres
--

COPY public."UserCourse" ("UserId", "CourseId", "FirstVisitedAt") FROM stdin;
3	1	2026-06-09 16:13:09.249153+00
3	2	2026-06-13 18:59:23.786938+00
\.


--
-- Data for Name: UserGrammar; Type: TABLE DATA; Schema: public; Owner: postgres
--

COPY public."UserGrammar" ("UserId", "GrammarId", "StartedAt", "CompletedAt") FROM stdin;
3	10	2026-06-10 19:46:06.149+00	2026-06-10 19:46:24.755+00
\.


--
-- Data for Name: UserGrammarTestResult; Type: TABLE DATA; Schema: public; Owner: postgres
--

COPY public."UserGrammarTestResult" ("Id", "UserId", "GrammarTestId", "SelectedOptionId", "IsCorrect", "AnsweredAt") FROM stdin;
1	3	17	67	t	2026-06-18 10:49:10.220644+00
2	3	18	71	f	2026-06-18 10:49:16.105697+00
3	3	19	75	t	2026-06-18 10:49:21.794112+00
4	3	20	78	t	2026-06-18 10:49:26.11645+00
\.


--
-- Data for Name: UserLesson; Type: TABLE DATA; Schema: public; Owner: postgres
--

COPY public."UserLesson" ("UserId", "LessonId", "StartedAt", "CompletedAt", "LessonId1") FROM stdin;
3	1	2026-06-11 11:06:15.020717+00	2026-06-11 14:36:43.339+00	\N
3	3	2026-06-13 18:59:49.123393+00	\N	\N
3	2	2026-06-13 18:59:52.881359+00	\N	\N
\.


--
-- Data for Name: UserStory; Type: TABLE DATA; Schema: public; Owner: postgres
--

COPY public."UserStory" ("UserId", "StoryId", "StartedAt", "CompletedAt") FROM stdin;
3	1	2026-06-08 18:36:48.743+00	2026-06-08 18:36:50.416+00
\.


--
-- Data for Name: UserVocab; Type: TABLE DATA; Schema: public; Owner: postgres
--

COPY public."UserVocab" ("UserId", "VocabId", "StartedAt", "CompletedAt") FROM stdin;
\.


--
-- Data for Name: UserVocabTestResult; Type: TABLE DATA; Schema: public; Owner: postgres
--

COPY public."UserVocabTestResult" ("Id", "UserId", "VocabTestId", "SelectedOptionId", "IsCorrect", "AnsweredAt") FROM stdin;
144	3	22	85	t	2026-06-18 09:37:46.27628+00
145	3	23	91	f	2026-06-18 09:37:50.976929+00
\.


--
-- Data for Name: Vocab; Type: TABLE DATA; Schema: public; Owner: postgres
--

COPY public."Vocab" ("Id", "Word", "Translation", "VoiceId", "Description", "Level", "LanguageId", "ExampleTranslation", "Status", "Example", "Type") FROM stdin;
5	mother	مادر	\N	A female parent	1	1	مادرم غذای خوبی درست می‌کند.	0	My mother makes great food.	1
6	father	پدر	\N	A male parent	1	1	پدرم با ماشین سر کار می‌رود.	0	My father drives to work.	1
7	brother	برادر	\N	A male sibling	1	1	من یک برادر دارم.	0	I have one brother.	1
8	sister	خواهر	\N	A female sibling	1	1	خواهرم در مدرسه است.	0	My sister is in school.	1
9	parent	والدین	\N	A mother or father	1	1	والدینم خانه هستند.	0	My parents are at home.	1
10	child	بچه	\N	A young person	1	1	بچه دارد بازی می‌کند.	0	The child is playing.	1
11	children	بچه‌ها	\N	More than one child	1	1	بچه‌ها در پارک هستند.	0	The children are in the park.	1
12	man	مرد	\N	An adult male person	1	1	مرد دارد کتاب می‌خواند.	0	The man is reading a book.	1
13	woman	زن	\N	An adult female person	1	1	زن در مغازه است.	0	The woman is at the shop.	1
14	boy	پسر	\N	A male child	1	1	پسر تند می‌دود.	0	The boy runs fast.	1
15	girl	دختر	\N	A female child	1	1	دختر دوست دارد نقاشی بکشد.	0	The girl likes to draw.	1
16	baby	نوزاد	\N	A very young child	1	1	نوزاد دارد می‌خوابد.	0	The baby is sleeping.	1
17	husband	شوهر	\N	A married male partner	1	1	شوهرش دکتر است.	0	Her husband is a doctor.	1
18	wife	همسر	\N	A married female partner	1	1	همسرش در یک دفتر کار می‌کند.	0	His wife works in an office.	1
19	son	پسر	\N	A male child of a parent	1	1	پسرشان ده ساله است.	0	Their son is ten years old.	1
20	daughter	دختر	\N	A female child of a parent	1	1	دخترشان در مدرسه است.	0	Their daughter is at school.	1
22	house	خانه	\N	A building where people live	1	1	آن‌ها یک خانه بزرگ دارند.	0	They have a big house.	1
23	room	اتاق	\N	A separate area inside a building	1	1	اتاقش تمیز است.	0	Her room is clean.	1
25	window	پنجره	\N	An opening in a wall to let in light	1	1	لطفاً پنجره را باز کن.	0	Open the window please.	1
26	table	میز	\N	A piece of furniture with a flat top	1	1	کتابت را روی میز بگذار.	0	Put your book on the table.	1
27	chair	صندلی	\N	A seat with a back for one person	1	1	روی صندلی بنشین.	0	Sit on the chair.	1
28	bed	تخت	\N	A piece of furniture for sleeping	1	1	تخت خیلی راحت است.	0	The bed is very comfortable.	1
29	kitchen	آشپزخانه	\N	The room where you prepare food	1	1	او در آشپزخانه است.	0	She is in the kitchen.	1
30	bathroom	حمام	\N	The room with a bath or shower	1	1	حمام طبقه بالا است.	0	The bathroom is upstairs.	1
32	student	دانش‌آموز	\N	A person who studies at school	1	1	او دانش‌آموز خوبی است.	0	She is a good student.	1
34	class	کلاس	\N	A group of students learning together	1	1	کلاس ساعت هشت شروع می‌شود.	0	The class starts at eight.	1
35	lesson	درس	\N	A period of learning	1	1	درس امروز درباره اعداد است.	0	Today's lesson is about numbers.	1
39	page	صفحه	\N	One side of a sheet of paper in a book	1	1	کتابت را صفحه پنج باز کن.	0	Open your book to page five.	1
40	word	کلمه	\N	A unit of language with meaning	1	1	این کلمه چه معنایی دارد؟	0	What does this word mean?	1
48	speak	صحبت کردن	\N	To say words out loud	1	1	می‌توانی آهسته صحبت کنی؟	0	Can you speak slowly?	2
49	spell	هجی کردن	\N	To say or write the letters of a word	1	1	اسمت را چطور هجی می‌کنی؟	0	How do you spell your name?	2
50	understand	فهمیدن	\N	To know the meaning of something	1	1	این کلمه را نمی‌فهمم.	0	I don't understand this word.	2
58	call	تماس گرفتن	\N	To phone someone	1	1	امشب با تو تماس می‌گیرم.	0	I will call you tonight.	2
59	phone	تلفن	\N	A device used to make calls	1	1	تلفنم روی میز است.	0	My phone is on the table.	1
68	today	امروز	\N	On this day	1	1	امروز دوشنبه است.	0	Today is Monday.	4
69	tomorrow	فردا	\N	On the day after today	1	1	فردا به مدرسه می‌روم.	0	I will go to school tomorrow.	4
70	yesterday	دیروز	\N	On the day before today	1	1	دیروز او را دیدم.	0	I met her yesterday.	4
72	month	ماه	\N	One of the twelve parts of a year	1	1	تولدم این ماه است.	0	My birthday is this month.	1
73	hour	ساعت	\N	A period of sixty minutes	1	1	کلاس یک ساعت طول می‌کشد.	0	The class is one hour long.	1
74	minute	دقیقه	\N	A period of sixty seconds	1	1	یک دقیقه صبر کن لطفاً.	0	Wait one minute please.	1
75	date	تاریخ	\N	A specific day in a month and year	1	1	تاریخ امروز چیست؟	0	What is today's date?	1
41	sentence	جمله	\N	A group of words that makes a complete thought	1	1	با این کلمه یک جمله بنویس.	0	Write a sentence with this word.	1
42	language	زبان	\N	A system of communication	1	1	انگلیسی یک زبان مفید است.	0	English is a useful language.	1
43	learn	یاد گرفتن	\N	To gain knowledge or a skill	1	1	می‌خواهم انگلیسی یاد بگیرم.	0	I want to learn English.	2
44	study	مطالعه کردن	\N	To read and learn about a subject	1	1	او هر عصر مطالعه می‌کند.	0	She studies every evening.	2
76	birthday	تولد	\N	The anniversary of the day you were born	1	1	تولدت مبارک!	0	Happy birthday!	1
78	old	پیر	\N	Having lived for a long time	1	1	پدربزرگم پیر است.	0	My grandfather is old.	3
79	young	جوان	\N	Not old; in the early part of life	1	1	او خیلی جوان است.	0	She is very young.	3
80	big	بزرگ	\N	Large in size	1	1	آن‌ها در یک خانه بزرگ زندگی می‌کنند.	0	They live in a big house.	3
81	small	کوچک	\N	Little in size	1	1	او یک ماشین کوچک دارد.	0	He has a small car.	3
82	long	بلند	\N	Having a great length	1	1	جاده خیلی بلند است.	0	The road is very long.	3
83	short	کوتاه	\N	Not long or not tall	1	1	درس امروز کوتاه بود.	0	The lesson was short today.	3
84	high	بلند	\N	Far above the ground	1	1	ساختمان خیلی بلند است.	0	The building is very high.	3
85	low	پایین	\N	Not high; close to the ground	1	1	قفسه پایین است.	0	The shelf is low.	3
86	hot	گرم	\N	Having a high temperature	1	1	سوپ گرم است.	0	The soup is hot.	3
87	cold	سرد	\N	Having a low temperature	1	1	آب سرد است.	0	The water is cold.	3
88	warm	گرم	\N	Pleasantly hot; not too hot or cold	1	1	اتاق گرم است.	0	The room is warm.	3
89	nice	خوب	\N	Pleasant or kind	1	1	او آدم خیلی خوبی است.	0	She is a very nice person.	3
90	beautiful	زیبا	\N	Very pleasing to look at	1	1	این شهر زیباست.	0	This city is beautiful.	3
91	happy	شاد	\N	Feeling or showing pleasure	1	1	امروز خیلی شادم.	1	I am very happy today.	3
92	sad	غمگین	\N	Feeling unhappy	1	1	امروز غمگین به نظر می‌رسد.	1	He looks sad today.	3
93	angry	عصبانی	\N	Feeling strong displeasure	1	1	او از خبر عصبانی شد.	0	She was angry at the news.	3
94	afraid	ترسیده	\N	Feeling fear	1	1	بچه از تاریکی می‌ترسد.	0	The child is afraid of the dark.	3
95	tired	خسته	\N	Feeling a need to rest or sleep	1	1	بعد از کار خسته‌ام.	0	I am tired after work.	3
96	hungry	گرسنه	\N	Feeling a need to eat	1	1	گرسنه‌ای؟	0	Are you hungry?	3
97	easy	آسان	\N	Not difficult	1	1	این آزمون آسان است.	0	This test is easy.	3
98	difficult	دشوار	\N	Not easy; needing effort	1	1	تکلیف دشوار است.	0	The homework is difficult.	3
99	right	درست	\N	Correct; not wrong	1	1	آن جواب درست است.	1	That answer is right.	3
100	wrong	اشتباه	\N	Not correct	1	1	جوابم اشتباه بود.	0	My answer was wrong.	3
101	TRUE	درست	\N	In agreement with facts or reality	1	1	آیا آن داستان درست است؟	0	Is that story true?	3
102	important	مهم	\N	Having great meaning or value	1	1	خواب خیلی مهم است.	0	Sleep is very important.	3
103	food	غذا	\N	What you eat to stay alive and healthy	1	1	غذا خوشمزه است.	0	The food is delicious.	1
104	water	آب	\N	The clear liquid you drink	1	1	هر روز بیشتر آب بنوش.	0	Drink more water every day.	1
105	bread	نان	\N	A baked food made from flour	1	1	صبحانه نان می‌خورم.	0	I eat bread for breakfast.	1
106	rice	برنج	\N	A common grain eaten as food	1	1	شام برنج می‌خوریم.	0	We eat rice for dinner.	1
107	egg	تخم‌مرغ	\N	An oval food from a chicken	1	1	او دو تخم‌مرغ آب‌پز می‌کند.	0	She boils two eggs.	1
108	milk	شیر	\N	A white liquid drink from cows	1	1	هر صبح شیر می‌نوشم.	0	I drink milk every morning.	1
109	coffee	قهوه	\N	A hot brown drink made from coffee beans	1	1	او سر کار قهوه می‌نوشد.	0	He drinks coffee at work.	1
111	apple	سیب	\N	A round red or green fruit	1	1	هر روز یک سیب می‌خورم.	0	I eat an apple every day.	1
112	banana	موز	\N	A long yellow fruit	1	1	او صبحانه موز می‌خورد.	0	He eats a banana for breakfast.	1
113	potato	سیب‌زمینی	\N	A round vegetable that grows in the ground	1	1	او برای شام سیب‌زمینی درست می‌کند.	0	She cooks potatoes for dinner.	1
114	breakfast	صبحانه	\N	The first meal of the day	1	1	صبحانه را ساعت هفت می‌خورم.	0	I eat breakfast at seven.	1
115	lunch	ناهار	\N	The meal eaten in the middle of the day	1	1	ما در مدرسه ناهار می‌خوریم.	0	We have lunch at school.	1
116	dinner	شام	\N	The main meal eaten in the evening	1	1	شام آماده است.	0	Dinner is ready.	1
117	meal	وعده غذایی	\N	An occasion when food is eaten	1	1	ما روزی سه وعده غذایی داریم.	0	We have three meals a day.	1
160	forget	فراموش کردن	\N	To fail to remember something	1	1	تکلیفت را فراموش نکن.	0	Don't forget your homework.	2
45	read	خواندن	\N	To look at words and understand them	1	1	او صبح روزنامه می‌خواند.	0	He reads the newspaper in the morning.	2
46	write	نوشتن	\N	To make words or letters on paper	1	1	اسمت را اینجا بنویس.	0	Write your name here.	2
47	listen	گوش دادن	\N	To pay attention to sounds or speech	1	1	به معلم گوش بده.	0	Listen to the teacher.	2
51	question	سوال	\N	Something you ask to get information	1	1	سوالی داری؟	0	Do you have a question?	1
52	answer	جواب	\N	A reply to a question	1	1	جواب را نمی‌دانم.	0	I don't know the answer.	1
53	ask	پرسیدن	\N	To say a question to someone	1	1	اگر کمک نیاز داری از معلم بپرس.	0	Ask the teacher if you need help.	2
54	tell	گفتن	\N	To give information to someone	1	1	اسمت را به من بگو.	0	Tell me your name.	2
55	talk	صحبت کردن	\N	To speak with someone	1	1	آن‌ها هر روز با هم صحبت می‌کنند.	0	They talk every day.	2
57	meet	ملاقات کردن	\N	To see someone for the first time or by arrangement	1	1	امروز با دوستم ملاقات می‌کنم.	0	I will meet my friend today.	2
61	email	ایمیل	\N	An electronic message sent over the internet	1	1	برایم ایمیل بفرست.	0	Send me an email.	1
62	address	آدرس	\N	The details of where a place is	1	1	آدرس خانه‌ات چیست؟	0	What is your home address?	1
63	number	شماره	\N	A value used in counting or identification	1	1	شماره تلفنت چیست؟	0	What is your phone number?	1
121	supermarket	سوپرمارکت	\N	A large shop selling food and household items	1	1	شنبه‌ها به سوپرمارکت می‌روم.	0	I go to the supermarket on Saturdays.	1
122	market	بازار	\N	A place where people buy and sell goods	1	1	بازار آخر هفته شلوغ است.	0	The market is busy on weekends.	1
123	money	پول	\N	Coins and notes used to buy things	1	1	پول کافی ندارم.	0	I don't have enough money.	1
130	drink	نوشیدن	\N	To take liquid into your mouth and swallow it	1	1	او بعد از ورزش آب می‌نوشد.	0	She drinks water after exercise.	2
133	sleep	خوابیدن	\N	To rest with your eyes closed	1	1	بچه‌ها باید زود بخوابند.	0	Children need to sleep early.	2
135	stand	ایستادن	\N	To be upright on your feet	1	1	بایست و اسمت را بگو.	0	Stand up and say your name.	2
140	stop	متوقف شدن	\N	To end or cease an activity	1	1	لطفاً صحبت کردن را متوقف کن.	0	Stop talking please.	2
141	wait	صبر کردن	\N	To stay in a place until something happens	1	1	اینجا برایم صبر کن.	0	Wait here for me.	2
142	turn	چرخاندن	\N	To change direction or rotate	1	1	سر چراغ به چپ برگرد.	0	Turn left at the traffic light.	2
143	move	حرکت کردن	\N	To change position or place	1	1	صندلی‌ات را به چپ جابجا کن.	0	Move your chair to the left.	2
144	run	دویدن	\N	To move quickly on foot	1	1	او هر صبح در پارک می‌دود.	0	She runs in the park every morning.	2
145	play	بازی کردن	\N	To take part in a game or activity for fun	1	1	بچه‌ها در پارک بازی می‌کنند.	0	The children play in the park.	2
146	watch	تماشا کردن	\N	To look at something for a period of time	1	1	ما بعد از شام تلویزیون تماشا می‌کنیم.	0	We watch TV after dinner.	2
147	show	نشان دادن	\N	To let someone see something	1	1	تکلیفت را به من نشان بده.	0	Show me your homework.	2
148	find	پیدا کردن	\N	To discover something after searching	1	1	نمی‌توانم کلیدهایم را پیدا کنم.	1	I can't find my keys.	2
149	lose	گم کردن	\N	To be unable to find something	1	1	خودکارم را گم کردم.	1	I lost my pen.	2
150	bring	آوردن	\N	To carry something to a place	1	1	کتابت را به کلاس بیاور.	1	Bring your book to class.	2
151	carry	حمل کردن	\N	To hold and transport something	1	1	می‌توانی این کیف را حمل کنی؟	0	Can you carry this bag?	2
152	put	گذاشتن	\N	To place something in a position	1	1	کتاب را روی میز بگذار.	0	Put the book on the table.	2
153	pick	برداشتن	\N	To take something with your fingers	1	1	خودکارت را بردار.	0	Pick up your pen.	2
154	hold	نگه داشتن	\N	To have something in your hand	1	1	در را نگه دار.	0	Hold the door open.	2
155	keep	نگه داشتن	\N	To continue to have something	1	1	اتاقت را تمیز نگه دار.	0	Keep your room clean.	2
156	try	تلاش کردن	\N	To make an effort to do something	1	1	لطفاً دوباره تلاش کن.	0	Try again please.	2
157	choose	انتخاب کردن	\N	To pick one thing from several options	1	1	یک کتاب از قفسه انتخاب کن.	0	Choose one book from the shelf.	2
158	decide	تصمیم گرفتن	\N	To make a choice about something	1	1	او تصمیم گرفت انگلیسی بخواند.	0	She decided to study English.	2
159	remember	به یاد آوردن	\N	To bring a memory back to your mind	1	1	اسمش را به یاد می‌آورم.	0	I remember his name.	2
3	friend	دوست	\N	A person you like and spend time with	1	1	او بهترین دوست من است.	1	She is my best friend.	1
21	home	خانه	\N	The place where you live	1	1	دارم به خانه می‌روم.	1	I am going home.	1
24	door	در	\N	An entrance to a room or building	1	1	لطفاً در را ببند.	1	Please close the door.	1
31	school	مدرسه	\N	A place where children learn	1	1	هر روز به مدرسه می‌روم.	1	I go to school every day.	1
33	teacher	معلم	\N	A person who teaches at school	1	1	معلم مهربان است.	1	The teacher is kind.	1
36	book	کتاب	\N	A set of written pages bound together	1	1	هر شب یک کتاب می‌خوانم.	1	I read a book every night.	1
37	pen	خودکار	\N	A tool used for writing with ink	1	1	می‌توانم خودکارت را قرض بگیرم؟	1	Can I borrow your pen?	1
56	help	کمک کردن	\N	To make it easier for someone to do something	1	1	می‌توانی به من کمک کنی؟	1	Can you help me?	2
60	message	پیام	\N	A short written or spoken piece of information	1	1	برایت یک پیام فرستادم.	1	I sent you a message.	1
64	morning	صبح	\N	The early part of the day	1	1	صبح قهوه می‌نوشم.	1	I drink coffee in the morning.	1
65	afternoon	بعدازظهر	\N	The time from noon to evening	1	1	او بعدازظهر مطالعه می‌کند.	0	She studies in the afternoon.	1
66	evening	عصر	\N	The time at the end of the day before night	1	1	ما عصر شام می‌خوریم.	0	We eat dinner in the evening.	1
67	night	شب	\N	The dark time between evening and morning	1	1	شب هوا سرد است.	0	It is cold at night.	1
71	week	هفته	\N	A period of seven days	1	1	پنج روز در هفته کار می‌کنم.	0	I work five days a week.	1
77	age	سن	\N	How old someone is	1	1	سنت چقدر است؟	0	What is your age?	1
127	pay	پرداخت کردن	\N	To give money for something	1	1	باید صورتحساب را پرداخت کنم.	0	I need to pay the bill.	2
225	from		\N	\N	0	1		0	\N	0
254	no		\N	\N	0	1		0	\N	0
255	just		\N	\N	0	1		0	\N	0
256	him		\N	\N	0	1		0	\N	0
259	people		\N	\N	0	1		0	\N	0
260	into		\N	\N	0	1		0	\N	0
261	year		\N	\N	0	1		0	\N	0
262	your		\N	\N	0	1		0	\N	0
263	good		\N	\N	0	1		0	\N	0
264	some		\N	\N	0	1		0	\N	0
265	could		\N	\N	0	1		0	\N	0
266	them		\N	\N	0	1		0	\N	0
267	see		\N	\N	0	1		0	\N	0
268	other		\N	\N	0	1		0	\N	0
269	than		\N	\N	0	1		0	\N	0
253	time		\N	\N	0	1		0	\N	0
270	then		\N	\N	0	1		0	\N	0
271	now		\N	\N	0	1		0	\N	0
272	look		\N	\N	0	1		0	\N	0
273	only		\N	\N	0	1		0	\N	0
274	come		\N	\N	0	1		0	\N	0
275	its		\N	\N	0	1		0	\N	0
276	over		\N	\N	0	1		0	\N	0
277	think		\N	\N	0	1		0	\N	0
278	also		\N	\N	0	1		0	\N	0
279	back		\N	\N	0	1		0	\N	0
280	after		\N	\N	0	1		0	\N	0
281	use		\N	\N	0	1		0	\N	0
282	two		\N	\N	0	1		0	\N	0
283	how		\N	\N	0	1		0	\N	0
284	our		\N	\N	0	1		0	\N	0
285	work		\N	\N	0	1		0	\N	0
286	first		\N	\N	0	1		0	\N	0
287	well		\N	\N	0	1		0	\N	0
288	way		\N	\N	0	1		0	\N	0
289	even		\N	\N	0	1		0	\N	0
290	new		\N	\N	0	1		0	\N	0
291	want		\N	\N	0	1		0	\N	0
292	because		\N	\N	0	1		0	\N	0
293	any		\N	\N	0	1		0	\N	0
294	these		\N	\N	0	1		0	\N	0
295	give		\N	\N	0	1		0	\N	0
296	day		\N	\N	0	1		0	\N	0
297	us		\N	\N	0	1		0	\N	0
298	may		\N	\N	0	1		0	\N	0
299	should		\N	\N	0	1		0	\N	0
300	must		\N	\N	0	1		0	\N	0
301	very		\N	\N	0	1		0	\N	0
302	more		\N	\N	0	1		0	\N	0
303	much		\N	\N	0	1		0	\N	0
304	many		\N	\N	0	1		0	\N	0
305	too		\N	\N	0	1		0	\N	0
306	again		\N	\N	0	1		0	\N	0
307	before		\N	\N	0	1		0	\N	0
308	through		\N	\N	0	1		0	\N	0
309	where		\N	\N	0	1		0	\N	0
310	why		\N	\N	0	1		0	\N	0
311	while		\N	\N	0	1		0	\N	0
312	under		\N	\N	0	1		0	\N	0
313	around		\N	\N	0	1		0	\N	0
314	between		\N	\N	0	1		0	\N	0
315	off		\N	\N	0	1		0	\N	0
316	down		\N	\N	0	1		0	\N	0
257	know		kokoro-20260615145447-e2bc13d359e449279fb7f26165259d1a.mp3	\N	0	1		0	\N	0
258	take		kokoro-20260615145503-4471a04ccc2a4647853a4272dc0d405c.mp3	\N	0	1		0	\N	0
202	vocabulary		\N	\N	0	1		0	\N	0
203	the		\N	\N	0	1		0	\N	0
204	be		\N	\N	0	1		0	\N	0
205	to		\N	\N	0	1		0	\N	0
206	of		\N	\N	0	1		0	\N	0
207	and		\N	\N	0	1		0	\N	0
208	a		\N	\N	0	1		0	\N	0
209	in		\N	\N	0	1		0	\N	0
2	name	اسم	\N	What someone or something is called	1	1	اسم من ساراست.	0	My name is Sara.	1
4	family	خانواده	\N	A group of people who are related	1	1	من خانواده‌ام را دوست دارم.	0	I love my family.	1
210	that		\N	\N	0	1		0	\N	0
219	do		\N	\N	0	1		0	\N	0
220	at		\N	\N	0	1		0	\N	0
221	this		\N	\N	0	1		0	\N	0
222	but		\N	\N	0	1		0	\N	0
223	his		\N	\N	0	1		0	\N	0
224	by		\N	\N	0	1		0	\N	0
231	or		\N	\N	0	1		0	\N	0
232	will		\N	\N	0	1		0	\N	0
233	my		\N	\N	0	1		0	\N	0
234	one		\N	\N	0	1		0	\N	0
235	all		\N	\N	0	1		0	\N	0
236	there		\N	\N	0	1		0	\N	0
237	their		\N	\N	0	1		0	\N	0
238	what		\N	\N	0	1		0	\N	0
240	up		\N	\N	0	1		0	\N	0
241	out		\N	\N	0	1		0	\N	0
243	about		\N	\N	0	1		0	\N	0
244	who		\N	\N	0	1		0	\N	0
246	which		\N	\N	0	1		0	\N	0
247	go		\N	\N	0	1		0	\N	0
248	me		\N	\N	0	1		0	\N	0
250	make		\N	\N	0	1		0	\N	0
251	can		\N	\N	0	1		0	\N	0
317	own		\N	\N	0	1		0	\N	0
318	same		\N	\N	0	1		0	\N	0
319	each		\N	\N	0	1		0	\N	0
320	few		\N	\N	0	1		0	\N	0
321	both		\N	\N	0	1		0	\N	0
322	another		\N	\N	0	1		0	\N	0
323	ever		\N	\N	0	1		0	\N	0
324	never		\N	\N	0	1		0	\N	0
325	always		\N	\N	0	1		0	\N	0
326	usually		\N	\N	0	1		0	\N	0
327	once		\N	\N	0	1		0	\N	0
328	already		\N	\N	0	1		0	\N	0
329	anything		\N	\N	0	1		0	\N	0
330	something		\N	\N	0	1		0	\N	0
331	everything		\N	\N	0	1		0	\N	0
332	anyone		\N	\N	0	1		0	\N	0
333	someone		\N	\N	0	1		0	\N	0
334	everyone		\N	\N	0	1		0	\N	0
335	nothing		\N	\N	0	1		0	\N	0
336	none		\N	\N	0	1		0	\N	0
337	yes		\N	\N	0	1		0	\N	0
338	oh		\N	\N	0	1		0	\N	0
339	please		\N	\N	0	1		0	\N	0
340	thank		\N	\N	0	1		0	\N	0
341	sorry		\N	\N	0	1		0	\N	0
342	here		\N	\N	0	1		0	\N	0
343	inside		\N	\N	0	1		0	\N	0
344	outside		\N	\N	0	1		0	\N	0
345	above		\N	\N	0	1		0	\N	0
346	below		\N	\N	0	1		0	\N	0
347	across		\N	\N	0	1		0	\N	0
348	along		\N	\N	0	1		0	\N	0
349	until		\N	\N	0	1		0	\N	0
350	during		\N	\N	0	1		0	\N	0
351	either		\N	\N	0	1		0	\N	0
352	else		\N	\N	0	1		0	\N	0
353	enough		\N	\N	0	1		0	\N	0
354	every		\N	\N	0	1		0	\N	0
355	those		\N	\N	0	1		0	\N	0
356	need		\N	\N	0	1		0	\N	0
1	vocabulary	واژگان	\N	The set of words known or used by a person, group, or language (synonym: دایره لغات).	1	1		0	\N	0
211	have		\N	\N	0	1		0	\N	0
212	it		\N	\N	0	1		0	\N	0
213	for		\N	\N	0	1		0	\N	0
214	not		\N	\N	0	1		0	\N	0
215	on		\N	\N	0	1		0	\N	0
216	with		\N	\N	0	1		0	\N	0
217	he		\N	\N	0	1		0	\N	0
218	you		\N	\N	0	1		0	\N	0
239	so		\N	\N	0	1		0	\N	0
242	if		\N	\N	0	1		0	\N	0
245	get		\N	\N	0	1		0	\N	0
249	when		\N	\N	0	1		0	\N	0
252	like		\N	\N	0	1		0	\N	0
226	they		\N	\N	0	1		0	\N	0
227	we		\N	\N	0	1		0	\N	0
228	say		\N	\N	0	1		0	\N	0
229	her		\N	\N	0	1		0	\N	0
230	she		\N	\N	0	1		0	\N	0
38	paper	کاغذ	\N	Thin material used for writing	1	1	اسمت را روی کاغذ بنویس.	1	Write your name on the paper.	1
110	juice	آبمیوه	\N	A drink made from fruit	1	1	می‌خواهم آبمیوه پرتقال.	0	I want orange juice.	1
118	restaurant	رستوران	\N	A place where you buy and eat meals	1	1	بیایید در رستوران غذا بخوریم.	0	Let's eat at the restaurant.	1
119	shop	مغازه	\N	A place where you can buy things	1	1	او به مغازه رفت.	0	She went to the shop.	1
120	store	فروشگاه	\N	A large place where you can buy things	1	1	فروشگاه باز است.	0	The store is open.	1
124	price	قیمت	\N	The amount of money needed to buy something	1	1	قیمت این چقدر است؟	0	What is the price of this?	1
125	buy	خریدن	\N	To get something by paying money for it	1	1	می‌خواهم یک کتاب بخرم.	0	I want to buy a book.	2
126	sell	فروختن	\N	To give something to someone in exchange for money	1	1	او میوه در بازار می‌فروشد.	0	He sells fruit at the market.	2
128	cheap	ارزان	\N	Costing little money	1	1	این پیراهن ارزان است.	0	This shirt is cheap.	3
129	eat	خوردن	\N	To put food in your mouth and swallow it	1	1	هر صبح صبحانه می‌خورم.	0	I eat breakfast every morning.	2
131	cook	آشپزی کردن	\N	To prepare food using heat	1	1	او هر شب شام درست می‌کند.	0	He cooks dinner every night.	2
132	wash	شستن	\N	To clean something with water	1	1	قبل از غذا دستت را بشور.	0	Wash your hands before eating.	2
134	sit	نشستن	\N	To rest your body on a seat	1	1	لطفاً بنشین.	0	Sit down please.	2
136	open	باز کردن	\N	To move something so it is no longer closed	1	1	لطفاً در را باز کن.	0	Open the door please.	2
137	close	بستن	\N	To move something so it is shut	1	1	پنجره را ببند.	0	Close the window.	2
138	start	شروع کردن	\N	To begin doing something	1	1	بیایید درس را شروع کنیم.	0	Let's start the lesson.	2
139	finish	تمام کردن	\N	To complete something	1	1	تکلیفم را تمام کردم.	0	I finished my homework.	2
161	love	دوست داشتن	\N	To have a strong feeling of affection for someone	1	1	خانواده‌ام را دوست دارم.	0	I love my family.	2
162	hope	امیدوار بودن	\N	To wish for something to happen	1	1	امیدوارم زود ببینمت.	0	I hope to see you soon.	2
163	feel	احساس کردن	\N	To experience an emotion or sensation	1	1	امروز شاد احساس می‌کنم.	0	I feel happy today.	2
164	enjoy	لذت بردن	\N	To take pleasure in something	1	1	از خواندن کتاب لذت می‌برم.	0	I enjoy reading books.	2
165	live	زندگی کردن	\N	To have your home in a place	1	1	او در شهر زندگی می‌کند.	0	She lives in the city.	2
166	happen	اتفاق افتادن	\N	To take place or occur	1	1	چه اتفاقی افتاد؟	0	What happened?	2
167	car	ماشین	\N	A vehicle with four wheels	1	1	او با ماشینش سر کار می‌رود.	0	He drives his car to work.	1
168	bus	اتوبوس	\N	A large vehicle that carries many passengers	1	1	با اتوبوس به مدرسه می‌روم.	1	I take the bus to school.	1
169	train	قطار	\N	A vehicle that travels on rails	1	1	قطار ساعت نه می‌رسد.	0	The train arrives at nine.	1
170	taxi	تاکسی	\N	A car that you pay to drive you somewhere	1	1	لطفاً یک تاکسی بگیر.	0	Call a taxi please.	1
171	bike	دوچرخه	\N	A two-wheeled vehicle you pedal	1	1	او با دوچرخه به مدرسه می‌رود.	0	She rides her bike to school.	1
172	airport	فرودگاه	\N	A place where planes take off and land	1	1	فرودگاه از شهر دور است.	0	The airport is far from the city.	1
173	station	ایستگاه	\N	A place where trains or buses stop	1	1	پیش من در ایستگاه بیا.	1	Meet me at the station.	1
174	ticket	بلیط	\N	A piece of paper allowing you to travel or enter	1	1	یک بلیط قطار خریدم.	1	I bought a train ticket.	1
175	travel	سفر کردن	\N	To go from one place to another	1	1	دوست دارم سفر کنم.	0	I love to travel.	2
176	trip	سفر	\N	A journey to a place	1	1	ما به شهر سفر کردیم.	0	We went on a trip to the city.	1
177	visit	دیدن	\N	To go to see a person or place	1	1	می‌خواهم مادربزرگم را ببینم.	0	I want to visit my grandmother.	2
178	walk	راه رفتن	\N	To move by putting one foot in front of the other	1	1	هر روز پیاده به مدرسه می‌روم.	0	I walk to school every day.	2
179	drive	رانندگی کردن	\N	To control and steer a vehicle	1	1	او با ماشین سر کار می‌رود.	0	He drives to work.	2
180	ride	سوار شدن	\N	To travel on a horse bike or vehicle	1	1	او آخر هفته‌ها دوچرخه سواری می‌کند.	0	She rides her bike on weekends.	2
181	arrive	رسیدن	\N	To reach a place	1	1	ما ساعت هشت به مدرسه می‌رسیم.	0	We arrive at school at eight.	2
182	leave	رفتن	\N	To go away from a place	1	1	ساعت هفت از خانه می‌روم.	0	I leave home at seven.	2
183	street	خیابان	\N	A road in a town or city	1	1	مغازه در همین خیابان است.	0	The shop is on this street.	1
184	road	جاده	\N	A long path used by vehicles	1	1	جاده به شهر می‌رود.	0	The road goes to the city.	1
185	city	شهر	\N	A large and important town	1	1	تهران یک شهر بزرگ است.	0	Tehran is a big city.	1
186	town	شهرک	\N	A place larger than a village but smaller than a city	1	1	او در یک شهرک کوچک بزرگ شد.	0	She grew up in a small town.	1
187	country	کشور	\N	A nation with its own government	1	1	ایران کشور من است.	0	Iran is my country.	1
188	park	پارک	\N	A public area with grass and trees	1	1	ما در پارک قدم می‌زنیم.	0	We walk in the park.	1
189	place	مکان	\N	A particular area or location	1	1	این مکان خوبی است.	0	This is a nice place.	1
190	library	کتابخانه	\N	A place where you can borrow books	1	1	در کتابخانه مطالعه می‌کنم.	0	I study at the library.	1
191	office	دفتر	\N	A room or building where people work	1	1	او در یک دفتر بزرگ کار می‌کند.	0	She works in a big office.	1
192	hospital	بیمارستان	\N	A place where sick people are treated	1	1	او به بیمارستان رفت.	0	He went to the hospital.	1
193	hotel	هتل	\N	A building where you pay to stay overnight	1	1	ما در یک هتل خوب ماندیم.	0	We stayed at a nice hotel.	1
194	bank	بانک	\N	A place where you keep and manage money	1	1	امروز صبح به بانک رفتم.	0	I went to the bank this morning.	1
195	police	پلیس	\N	The organization that enforces the law	1	1	پلیس را صدا بزن!	0	Call the police!	1
196	doctor	دکتر	\N	A person trained to treat illness and injury	1	1	دکتر می‌گوید استراحت مهم است.	0	The doctor says rest is important.	1
197	nurse	پرستار	\N	A person trained to care for sick people	1	1	پرستار خیلی مهربان است.	0	The nurse is very kind.	1
198	job	شغل	\N	The work that someone does to earn money	1	1	او شغل خوبی دارد.	0	She has a good job.	1
199	worker	کارگر	\N	A person who works usually with their hands	1	1	کارگرها زود شروع می‌کنند.	0	The workers start early.	1
200	body	بدن	\N	The physical structure of a person or animal	1	1	ورزش برای بدن خوب است.	0	Exercise is good for the body.	1
201	head	سر	\N	The top part of the body containing the brain	1	1	سردرد دارم.	0	I have a headache.	1
\.


--
-- Data for Name: VocabTest; Type: TABLE DATA; Schema: public; Owner: postgres
--

COPY public."VocabTest" ("Id", "VocabId", "Question", "Status", "Type") FROM stdin;
22	168	اتوبوس	1	1
23	149	باختن	1	1
24	33	معلم	1	1
25	31	school	1	2
26	64	صبح	1	1
27	56	Can you ____ me with these heavy bags?	1	3
28	91	خوشحال	1	1
29	21	home	1	2
30	37	قلم	1	1
31	24	door	1	2
32	38	paper	1	2
33	99	right	1	2
34	148	find	1	2
35	36	کتاب	1	1
36	174	ticket	1	2
37	92	غمگین	1	1
38	173	station	1	2
39	3	friend	1	2
40	60	message	1	2
41	150	bring	1	2
\.


--
-- Data for Name: VocabTestOption; Type: TABLE DATA; Schema: public; Owner: postgres
--

COPY public."VocabTestOption" ("Id", "VocabTestId", "Text", "IsCorrect") FROM stdin;
85	22	bus	t
86	22	train	f
87	22	truck	f
88	22	taxi	f
89	23	lose	t
90	23	win	f
91	23	find	f
92	23	keep	f
93	24	teacher	t
94	24	student	f
95	24	doctor	f
96	24	engineer	f
97	25	مدرسه	t
98	25	کتابخانه	f
99	25	بیمارستان	f
100	25	ورزشگاه	f
101	26	morning	t
102	26	afternoon	f
103	26	evening	f
104	26	midnight	f
105	27	help	t
106	27	watch	f
107	27	listen	f
108	27	talk	f
109	28	happy	t
110	28	sad	f
111	28	angry	f
112	28	tired	f
113	29	خانه	t
114	29	مدرسه	f
115	29	آشپزخانه	f
116	29	مغازه	f
117	30	pen	t
118	30	pencil	f
119	30	marker	f
120	30	brush	f
121	31	در	t
122	31	پنجره	f
123	31	دیوار	f
124	31	سقف	f
125	32	کاغذ	t
126	32	کتاب	f
127	32	قلم	f
128	32	میز	f
129	33	درست	t
130	33	چپ	f
131	33	سخت	f
132	33	سریع	f
133	34	پیدا کردن	t
134	34	دیدن	f
135	34	خریدن	f
136	34	رفتن	f
137	35	book	t
138	35	pen	f
139	35	paper	f
140	35	bag	f
141	36	بلیط	t
142	36	پاسپورت	f
143	36	مدرسه	f
144	36	کتاب	f
145	37	sad	t
146	37	happy	f
147	37	angry	f
148	37	tired	f
149	38	ایستگاه	t
150	38	مقصد	f
151	38	مسیر	f
152	38	وسیله	f
153	39	دوست	t
154	39	دشمن	f
155	39	خانواده	f
156	39	همکار	f
157	40	پیام	t
158	40	نامه	f
159	40	دعوت	f
160	40	خبر	f
161	41	آوردن	t
162	41	بردن	f
163	41	دادن	f
164	41	دیدن	f
\.


--
-- Data for Name: __EFMigrationsHistory; Type: TABLE DATA; Schema: public; Owner: postgres
--

COPY public."__EFMigrationsHistory" ("MigrationId", "ProductVersion") FROM stdin;
20260605082652_InitialMigration	10.0.8
20260605083840_AddedOrderToStoryItem	10.0.8
20260605104004_AddedStatusToStory	10.0.8
20260606155325_AddedGrammarAndLesson	10.0.8
20260606164414_AddedStoryItemTimeStamp	10.0.8
20260606164842_UpdatedStoryItemTimeStamp	10.0.8
20260606165617_UpdatedGrammar	10.0.8
20260608051258_AddedCoverIdToCourse	10.0.8
20260608053156_AddUserProgressTracking	10.0.8
20260608054140_AddedDescriptionToCourse	10.0.8
20260608055611_AddedUserLesson	10.0.8
20260608055832_Update2	10.0.8
20260608155018_RemovedUniqueIndexFromGrammar	10.0.8
20260608161859_UpdatedConfiguration	10.0.8
20260609152015_Update1	10.0.8
20260611070021_UpdatedCoverIdOfStory	10.0.8
20260611085225_AddedVocabTransaction	10.0.8
20260611085420_AddedVocabTransalation	10.0.8
20260611091600_AddedVocabTranslation	10.0.8
20260611111300_RemovedDuplicateLessonIdFromUserLesson	10.0.8
20260611112709_AddedSlugAndCodeToCourse	10.0.8
20260616062819_UpdatedVocabTranslation	10.0.8
20260616063110_RemovedRequiredFieldsFromVocabTranslation	10.0.8
20260617061536_AddTestSystem	10.0.8
20260617063704_AddLeitnerBox	10.0.8
20260617132906_UpdatedVocabAndGrammarTests	10.0.8
20260617142049_AddedTypeToTest	10.0.8
20260617162555_RemovedVocabTranslation	10.0.8
20260617171805_UpdatedLeitnerBox	10.0.8
\.


--
-- Name: BoxLevel_Id_seq; Type: SEQUENCE SET; Schema: public; Owner: postgres
--

SELECT pg_catalog.setval('public."BoxLevel_Id_seq"', 15, true);


--
-- Name: Course_Id_seq; Type: SEQUENCE SET; Schema: public; Owner: postgres
--

SELECT pg_catalog.setval('public."Course_Id_seq"', 5, true);


--
-- Name: GrammarLesson_Id_seq; Type: SEQUENCE SET; Schema: public; Owner: postgres
--

SELECT pg_catalog.setval('public."GrammarLesson_Id_seq"', 255, true);


--
-- Name: GrammarTestOption_Id_seq; Type: SEQUENCE SET; Schema: public; Owner: postgres
--

SELECT pg_catalog.setval('public."GrammarTestOption_Id_seq"', 80, true);


--
-- Name: GrammarTest_Id_seq; Type: SEQUENCE SET; Schema: public; Owner: postgres
--

SELECT pg_catalog.setval('public."GrammarTest_Id_seq"', 20, true);


--
-- Name: Grammar_Id_seq; Type: SEQUENCE SET; Schema: public; Owner: postgres
--

SELECT pg_catalog.setval('public."Grammar_Id_seq"', 14, true);


--
-- Name: LeitnerBoxItem_Id_seq; Type: SEQUENCE SET; Schema: public; Owner: postgres
--

SELECT pg_catalog.setval('public."LeitnerBoxItem_Id_seq"', 1, true);


--
-- Name: LeitnerBox_Id_seq; Type: SEQUENCE SET; Schema: public; Owner: postgres
--

SELECT pg_catalog.setval('public."LeitnerBox_Id_seq"', 1, true);


--
-- Name: Lesson_Id_seq; Type: SEQUENCE SET; Schema: public; Owner: postgres
--

SELECT pg_catalog.setval('public."Lesson_Id_seq"', 3, true);


--
-- Name: StoryItemTimestamp_Id_seq; Type: SEQUENCE SET; Schema: public; Owner: postgres
--

SELECT pg_catalog.setval('public."StoryItemTimestamp_Id_seq"', 121, true);


--
-- Name: StoryItem_Id_seq; Type: SEQUENCE SET; Schema: public; Owner: postgres
--

SELECT pg_catalog.setval('public."StoryItem_Id_seq"', 13, true);


--
-- Name: Story_Id_seq; Type: SEQUENCE SET; Schema: public; Owner: postgres
--

SELECT pg_catalog.setval('public."Story_Id_seq"', 2, true);


--
-- Name: UserGrammarTestResult_Id_seq; Type: SEQUENCE SET; Schema: public; Owner: postgres
--

SELECT pg_catalog.setval('public."UserGrammarTestResult_Id_seq"', 4, true);


--
-- Name: UserVocabTestResult_Id_seq; Type: SEQUENCE SET; Schema: public; Owner: postgres
--

SELECT pg_catalog.setval('public."UserVocabTestResult_Id_seq"', 145, true);


--
-- Name: User_Id_seq; Type: SEQUENCE SET; Schema: public; Owner: postgres
--

SELECT pg_catalog.setval('public."User_Id_seq"', 3, true);


--
-- Name: VocabTestOption_Id_seq; Type: SEQUENCE SET; Schema: public; Owner: postgres
--

SELECT pg_catalog.setval('public."VocabTestOption_Id_seq"', 164, true);


--
-- Name: VocabTest_Id_seq; Type: SEQUENCE SET; Schema: public; Owner: postgres
--

SELECT pg_catalog.setval('public."VocabTest_Id_seq"', 41, true);


--
-- Name: Vocab_Id_seq; Type: SEQUENCE SET; Schema: public; Owner: postgres
--

SELECT pg_catalog.setval('public."Vocab_Id_seq"', 356, true);


--
-- Name: BoxLevel PK_BoxLevel; Type: CONSTRAINT; Schema: public; Owner: postgres
--

ALTER TABLE ONLY public."BoxLevel"
    ADD CONSTRAINT "PK_BoxLevel" PRIMARY KEY ("Id");


--
-- Name: Course PK_Course; Type: CONSTRAINT; Schema: public; Owner: postgres
--

ALTER TABLE ONLY public."Course"
    ADD CONSTRAINT "PK_Course" PRIMARY KEY ("Id");


--
-- Name: Grammar PK_Grammar; Type: CONSTRAINT; Schema: public; Owner: postgres
--

ALTER TABLE ONLY public."Grammar"
    ADD CONSTRAINT "PK_Grammar" PRIMARY KEY ("Id");


--
-- Name: GrammarLesson PK_GrammarLesson; Type: CONSTRAINT; Schema: public; Owner: postgres
--

ALTER TABLE ONLY public."GrammarLesson"
    ADD CONSTRAINT "PK_GrammarLesson" PRIMARY KEY ("Id");


--
-- Name: GrammarTest PK_GrammarTest; Type: CONSTRAINT; Schema: public; Owner: postgres
--

ALTER TABLE ONLY public."GrammarTest"
    ADD CONSTRAINT "PK_GrammarTest" PRIMARY KEY ("Id");


--
-- Name: GrammarTestOption PK_GrammarTestOption; Type: CONSTRAINT; Schema: public; Owner: postgres
--

ALTER TABLE ONLY public."GrammarTestOption"
    ADD CONSTRAINT "PK_GrammarTestOption" PRIMARY KEY ("Id");


--
-- Name: Language PK_Language; Type: CONSTRAINT; Schema: public; Owner: postgres
--

ALTER TABLE ONLY public."Language"
    ADD CONSTRAINT "PK_Language" PRIMARY KEY ("Id");


--
-- Name: LeitnerBox PK_LeitnerBox; Type: CONSTRAINT; Schema: public; Owner: postgres
--

ALTER TABLE ONLY public."LeitnerBox"
    ADD CONSTRAINT "PK_LeitnerBox" PRIMARY KEY ("Id");


--
-- Name: LeitnerBoxItem PK_LeitnerBoxItem; Type: CONSTRAINT; Schema: public; Owner: postgres
--

ALTER TABLE ONLY public."LeitnerBoxItem"
    ADD CONSTRAINT "PK_LeitnerBoxItem" PRIMARY KEY ("Id");


--
-- Name: Lesson PK_Lesson; Type: CONSTRAINT; Schema: public; Owner: postgres
--

ALTER TABLE ONLY public."Lesson"
    ADD CONSTRAINT "PK_Lesson" PRIMARY KEY ("Id");


--
-- Name: LessonGrammar PK_LessonGrammar; Type: CONSTRAINT; Schema: public; Owner: postgres
--

ALTER TABLE ONLY public."LessonGrammar"
    ADD CONSTRAINT "PK_LessonGrammar" PRIMARY KEY ("LessonId", "GrammarId");


--
-- Name: LessonStory PK_LessonStory; Type: CONSTRAINT; Schema: public; Owner: postgres
--

ALTER TABLE ONLY public."LessonStory"
    ADD CONSTRAINT "PK_LessonStory" PRIMARY KEY ("LessonId", "StoryId");


--
-- Name: LessonVocab PK_LessonVocab; Type: CONSTRAINT; Schema: public; Owner: postgres
--

ALTER TABLE ONLY public."LessonVocab"
    ADD CONSTRAINT "PK_LessonVocab" PRIMARY KEY ("LessonId", "VocabId");


--
-- Name: Story PK_Story; Type: CONSTRAINT; Schema: public; Owner: postgres
--

ALTER TABLE ONLY public."Story"
    ADD CONSTRAINT "PK_Story" PRIMARY KEY ("Id");


--
-- Name: StoryItem PK_StoryItem; Type: CONSTRAINT; Schema: public; Owner: postgres
--

ALTER TABLE ONLY public."StoryItem"
    ADD CONSTRAINT "PK_StoryItem" PRIMARY KEY ("Id");


--
-- Name: StoryItemTimestamp PK_StoryItemTimestamp; Type: CONSTRAINT; Schema: public; Owner: postgres
--

ALTER TABLE ONLY public."StoryItemTimestamp"
    ADD CONSTRAINT "PK_StoryItemTimestamp" PRIMARY KEY ("Id");


--
-- Name: User PK_User; Type: CONSTRAINT; Schema: public; Owner: postgres
--

ALTER TABLE ONLY public."User"
    ADD CONSTRAINT "PK_User" PRIMARY KEY ("Id");


--
-- Name: UserCourse PK_UserCourse; Type: CONSTRAINT; Schema: public; Owner: postgres
--

ALTER TABLE ONLY public."UserCourse"
    ADD CONSTRAINT "PK_UserCourse" PRIMARY KEY ("UserId", "CourseId");


--
-- Name: UserGrammar PK_UserGrammar; Type: CONSTRAINT; Schema: public; Owner: postgres
--

ALTER TABLE ONLY public."UserGrammar"
    ADD CONSTRAINT "PK_UserGrammar" PRIMARY KEY ("UserId", "GrammarId");


--
-- Name: UserGrammarTestResult PK_UserGrammarTestResult; Type: CONSTRAINT; Schema: public; Owner: postgres
--

ALTER TABLE ONLY public."UserGrammarTestResult"
    ADD CONSTRAINT "PK_UserGrammarTestResult" PRIMARY KEY ("Id");


--
-- Name: UserLesson PK_UserLesson; Type: CONSTRAINT; Schema: public; Owner: postgres
--

ALTER TABLE ONLY public."UserLesson"
    ADD CONSTRAINT "PK_UserLesson" PRIMARY KEY ("UserId", "LessonId");


--
-- Name: UserStory PK_UserStory; Type: CONSTRAINT; Schema: public; Owner: postgres
--

ALTER TABLE ONLY public."UserStory"
    ADD CONSTRAINT "PK_UserStory" PRIMARY KEY ("UserId", "StoryId");


--
-- Name: UserVocab PK_UserVocab; Type: CONSTRAINT; Schema: public; Owner: postgres
--

ALTER TABLE ONLY public."UserVocab"
    ADD CONSTRAINT "PK_UserVocab" PRIMARY KEY ("UserId", "VocabId");


--
-- Name: UserVocabTestResult PK_UserVocabTestResult; Type: CONSTRAINT; Schema: public; Owner: postgres
--

ALTER TABLE ONLY public."UserVocabTestResult"
    ADD CONSTRAINT "PK_UserVocabTestResult" PRIMARY KEY ("Id");


--
-- Name: Vocab PK_Vocab; Type: CONSTRAINT; Schema: public; Owner: postgres
--

ALTER TABLE ONLY public."Vocab"
    ADD CONSTRAINT "PK_Vocab" PRIMARY KEY ("Id");


--
-- Name: VocabTest PK_VocabTest; Type: CONSTRAINT; Schema: public; Owner: postgres
--

ALTER TABLE ONLY public."VocabTest"
    ADD CONSTRAINT "PK_VocabTest" PRIMARY KEY ("Id");


--
-- Name: VocabTestOption PK_VocabTestOption; Type: CONSTRAINT; Schema: public; Owner: postgres
--

ALTER TABLE ONLY public."VocabTestOption"
    ADD CONSTRAINT "PK_VocabTestOption" PRIMARY KEY ("Id");


--
-- Name: __EFMigrationsHistory PK___EFMigrationsHistory; Type: CONSTRAINT; Schema: public; Owner: postgres
--

ALTER TABLE ONLY public."__EFMigrationsHistory"
    ADD CONSTRAINT "PK___EFMigrationsHistory" PRIMARY KEY ("MigrationId");


--
-- Name: IX_BoxLevel_LeitnerBoxId; Type: INDEX; Schema: public; Owner: postgres
--

CREATE INDEX "IX_BoxLevel_LeitnerBoxId" ON public."BoxLevel" USING btree ("LeitnerBoxId");


--
-- Name: IX_Course_LanguageId; Type: INDEX; Schema: public; Owner: postgres
--

CREATE INDEX "IX_Course_LanguageId" ON public."Course" USING btree ("LanguageId");


--
-- Name: IX_GrammarLesson_GrammarId; Type: INDEX; Schema: public; Owner: postgres
--

CREATE INDEX "IX_GrammarLesson_GrammarId" ON public."GrammarLesson" USING btree ("GrammarId");


--
-- Name: IX_GrammarTestOption_GrammarTestId; Type: INDEX; Schema: public; Owner: postgres
--

CREATE INDEX "IX_GrammarTestOption_GrammarTestId" ON public."GrammarTestOption" USING btree ("GrammarTestId");


--
-- Name: IX_GrammarTest_GrammarId; Type: INDEX; Schema: public; Owner: postgres
--

CREATE INDEX "IX_GrammarTest_GrammarId" ON public."GrammarTest" USING btree ("GrammarId");


--
-- Name: IX_Grammar_ParentGrammarId; Type: INDEX; Schema: public; Owner: postgres
--

CREATE INDEX "IX_Grammar_ParentGrammarId" ON public."Grammar" USING btree ("ParentGrammarId");


--
-- Name: IX_LeitnerBoxItem_BoxLevelId; Type: INDEX; Schema: public; Owner: postgres
--

CREATE INDEX "IX_LeitnerBoxItem_BoxLevelId" ON public."LeitnerBoxItem" USING btree ("BoxLevelId");


--
-- Name: IX_LeitnerBoxItem_LeitnerBoxId; Type: INDEX; Schema: public; Owner: postgres
--

CREATE INDEX "IX_LeitnerBoxItem_LeitnerBoxId" ON public."LeitnerBoxItem" USING btree ("LeitnerBoxId");


--
-- Name: IX_LeitnerBoxItem_VocabId; Type: INDEX; Schema: public; Owner: postgres
--

CREATE INDEX "IX_LeitnerBoxItem_VocabId" ON public."LeitnerBoxItem" USING btree ("VocabId");


--
-- Name: IX_LeitnerBox_UserId; Type: INDEX; Schema: public; Owner: postgres
--

CREATE INDEX "IX_LeitnerBox_UserId" ON public."LeitnerBox" USING btree ("UserId");


--
-- Name: IX_LessonGrammar_GrammarId; Type: INDEX; Schema: public; Owner: postgres
--

CREATE INDEX "IX_LessonGrammar_GrammarId" ON public."LessonGrammar" USING btree ("GrammarId");


--
-- Name: IX_LessonStory_StoryId; Type: INDEX; Schema: public; Owner: postgres
--

CREATE INDEX "IX_LessonStory_StoryId" ON public."LessonStory" USING btree ("StoryId");


--
-- Name: IX_LessonVocab_VocabId; Type: INDEX; Schema: public; Owner: postgres
--

CREATE INDEX "IX_LessonVocab_VocabId" ON public."LessonVocab" USING btree ("VocabId");


--
-- Name: IX_Lesson_CourseId; Type: INDEX; Schema: public; Owner: postgres
--

CREATE INDEX "IX_Lesson_CourseId" ON public."Lesson" USING btree ("CourseId");


--
-- Name: IX_StoryItemTimestamp_StoryItemId; Type: INDEX; Schema: public; Owner: postgres
--

CREATE INDEX "IX_StoryItemTimestamp_StoryItemId" ON public."StoryItemTimestamp" USING btree ("StoryItemId");


--
-- Name: IX_StoryItem_StoryId; Type: INDEX; Schema: public; Owner: postgres
--

CREATE INDEX "IX_StoryItem_StoryId" ON public."StoryItem" USING btree ("StoryId");


--
-- Name: IX_UserCourse_CourseId; Type: INDEX; Schema: public; Owner: postgres
--

CREATE INDEX "IX_UserCourse_CourseId" ON public."UserCourse" USING btree ("CourseId");


--
-- Name: IX_UserGrammarTestResult_GrammarTestId; Type: INDEX; Schema: public; Owner: postgres
--

CREATE INDEX "IX_UserGrammarTestResult_GrammarTestId" ON public."UserGrammarTestResult" USING btree ("GrammarTestId");


--
-- Name: IX_UserGrammarTestResult_SelectedOptionId; Type: INDEX; Schema: public; Owner: postgres
--

CREATE INDEX "IX_UserGrammarTestResult_SelectedOptionId" ON public."UserGrammarTestResult" USING btree ("SelectedOptionId");


--
-- Name: IX_UserGrammarTestResult_UserId; Type: INDEX; Schema: public; Owner: postgres
--

CREATE INDEX "IX_UserGrammarTestResult_UserId" ON public."UserGrammarTestResult" USING btree ("UserId");


--
-- Name: IX_UserGrammar_GrammarId; Type: INDEX; Schema: public; Owner: postgres
--

CREATE INDEX "IX_UserGrammar_GrammarId" ON public."UserGrammar" USING btree ("GrammarId");


--
-- Name: IX_UserLesson_LessonId; Type: INDEX; Schema: public; Owner: postgres
--

CREATE INDEX "IX_UserLesson_LessonId" ON public."UserLesson" USING btree ("LessonId");


--
-- Name: IX_UserLesson_LessonId1; Type: INDEX; Schema: public; Owner: postgres
--

CREATE INDEX "IX_UserLesson_LessonId1" ON public."UserLesson" USING btree ("LessonId1");


--
-- Name: IX_UserStory_StoryId; Type: INDEX; Schema: public; Owner: postgres
--

CREATE INDEX "IX_UserStory_StoryId" ON public."UserStory" USING btree ("StoryId");


--
-- Name: IX_UserVocabTestResult_SelectedOptionId; Type: INDEX; Schema: public; Owner: postgres
--

CREATE INDEX "IX_UserVocabTestResult_SelectedOptionId" ON public."UserVocabTestResult" USING btree ("SelectedOptionId");


--
-- Name: IX_UserVocabTestResult_UserId; Type: INDEX; Schema: public; Owner: postgres
--

CREATE INDEX "IX_UserVocabTestResult_UserId" ON public."UserVocabTestResult" USING btree ("UserId");


--
-- Name: IX_UserVocabTestResult_VocabTestId; Type: INDEX; Schema: public; Owner: postgres
--

CREATE INDEX "IX_UserVocabTestResult_VocabTestId" ON public."UserVocabTestResult" USING btree ("VocabTestId");


--
-- Name: IX_UserVocab_VocabId; Type: INDEX; Schema: public; Owner: postgres
--

CREATE INDEX "IX_UserVocab_VocabId" ON public."UserVocab" USING btree ("VocabId");


--
-- Name: IX_VocabTestOption_VocabTestId; Type: INDEX; Schema: public; Owner: postgres
--

CREATE INDEX "IX_VocabTestOption_VocabTestId" ON public."VocabTestOption" USING btree ("VocabTestId");


--
-- Name: IX_VocabTest_VocabId; Type: INDEX; Schema: public; Owner: postgres
--

CREATE INDEX "IX_VocabTest_VocabId" ON public."VocabTest" USING btree ("VocabId");


--
-- Name: IX_Vocab_LanguageId; Type: INDEX; Schema: public; Owner: postgres
--

CREATE INDEX "IX_Vocab_LanguageId" ON public."Vocab" USING btree ("LanguageId");


--
-- Name: BoxLevel FK_BoxLevel_LeitnerBox_LeitnerBoxId; Type: FK CONSTRAINT; Schema: public; Owner: postgres
--

ALTER TABLE ONLY public."BoxLevel"
    ADD CONSTRAINT "FK_BoxLevel_LeitnerBox_LeitnerBoxId" FOREIGN KEY ("LeitnerBoxId") REFERENCES public."LeitnerBox"("Id") ON DELETE CASCADE;


--
-- Name: Course FK_Course_Language_LanguageId; Type: FK CONSTRAINT; Schema: public; Owner: postgres
--

ALTER TABLE ONLY public."Course"
    ADD CONSTRAINT "FK_Course_Language_LanguageId" FOREIGN KEY ("LanguageId") REFERENCES public."Language"("Id") ON DELETE RESTRICT;


--
-- Name: GrammarLesson FK_GrammarLesson_Grammar_GrammarId; Type: FK CONSTRAINT; Schema: public; Owner: postgres
--

ALTER TABLE ONLY public."GrammarLesson"
    ADD CONSTRAINT "FK_GrammarLesson_Grammar_GrammarId" FOREIGN KEY ("GrammarId") REFERENCES public."Grammar"("Id") ON DELETE CASCADE;


--
-- Name: GrammarTestOption FK_GrammarTestOption_GrammarTest_GrammarTestId; Type: FK CONSTRAINT; Schema: public; Owner: postgres
--

ALTER TABLE ONLY public."GrammarTestOption"
    ADD CONSTRAINT "FK_GrammarTestOption_GrammarTest_GrammarTestId" FOREIGN KEY ("GrammarTestId") REFERENCES public."GrammarTest"("Id") ON DELETE CASCADE;


--
-- Name: GrammarTest FK_GrammarTest_Grammar_GrammarId; Type: FK CONSTRAINT; Schema: public; Owner: postgres
--

ALTER TABLE ONLY public."GrammarTest"
    ADD CONSTRAINT "FK_GrammarTest_Grammar_GrammarId" FOREIGN KEY ("GrammarId") REFERENCES public."Grammar"("Id") ON DELETE CASCADE;


--
-- Name: Grammar FK_Grammar_Grammar_ParentGrammarId; Type: FK CONSTRAINT; Schema: public; Owner: postgres
--

ALTER TABLE ONLY public."Grammar"
    ADD CONSTRAINT "FK_Grammar_Grammar_ParentGrammarId" FOREIGN KEY ("ParentGrammarId") REFERENCES public."Grammar"("Id") ON DELETE SET NULL;


--
-- Name: LeitnerBoxItem FK_LeitnerBoxItem_BoxLevel_BoxLevelId; Type: FK CONSTRAINT; Schema: public; Owner: postgres
--

ALTER TABLE ONLY public."LeitnerBoxItem"
    ADD CONSTRAINT "FK_LeitnerBoxItem_BoxLevel_BoxLevelId" FOREIGN KEY ("BoxLevelId") REFERENCES public."BoxLevel"("Id") ON DELETE RESTRICT;


--
-- Name: LeitnerBoxItem FK_LeitnerBoxItem_LeitnerBox_LeitnerBoxId; Type: FK CONSTRAINT; Schema: public; Owner: postgres
--

ALTER TABLE ONLY public."LeitnerBoxItem"
    ADD CONSTRAINT "FK_LeitnerBoxItem_LeitnerBox_LeitnerBoxId" FOREIGN KEY ("LeitnerBoxId") REFERENCES public."LeitnerBox"("Id") ON DELETE CASCADE;


--
-- Name: LeitnerBoxItem FK_LeitnerBoxItem_Vocab_VocabId; Type: FK CONSTRAINT; Schema: public; Owner: postgres
--

ALTER TABLE ONLY public."LeitnerBoxItem"
    ADD CONSTRAINT "FK_LeitnerBoxItem_Vocab_VocabId" FOREIGN KEY ("VocabId") REFERENCES public."Vocab"("Id") ON DELETE RESTRICT;


--
-- Name: LeitnerBox FK_LeitnerBox_User_UserId; Type: FK CONSTRAINT; Schema: public; Owner: postgres
--

ALTER TABLE ONLY public."LeitnerBox"
    ADD CONSTRAINT "FK_LeitnerBox_User_UserId" FOREIGN KEY ("UserId") REFERENCES public."User"("Id") ON DELETE CASCADE;


--
-- Name: LessonGrammar FK_LessonGrammar_Grammar_GrammarId; Type: FK CONSTRAINT; Schema: public; Owner: postgres
--

ALTER TABLE ONLY public."LessonGrammar"
    ADD CONSTRAINT "FK_LessonGrammar_Grammar_GrammarId" FOREIGN KEY ("GrammarId") REFERENCES public."Grammar"("Id") ON DELETE RESTRICT;


--
-- Name: LessonGrammar FK_LessonGrammar_Lesson_LessonId; Type: FK CONSTRAINT; Schema: public; Owner: postgres
--

ALTER TABLE ONLY public."LessonGrammar"
    ADD CONSTRAINT "FK_LessonGrammar_Lesson_LessonId" FOREIGN KEY ("LessonId") REFERENCES public."Lesson"("Id") ON DELETE CASCADE;


--
-- Name: LessonStory FK_LessonStory_Lesson_LessonId; Type: FK CONSTRAINT; Schema: public; Owner: postgres
--

ALTER TABLE ONLY public."LessonStory"
    ADD CONSTRAINT "FK_LessonStory_Lesson_LessonId" FOREIGN KEY ("LessonId") REFERENCES public."Lesson"("Id") ON DELETE CASCADE;


--
-- Name: LessonStory FK_LessonStory_Story_StoryId; Type: FK CONSTRAINT; Schema: public; Owner: postgres
--

ALTER TABLE ONLY public."LessonStory"
    ADD CONSTRAINT "FK_LessonStory_Story_StoryId" FOREIGN KEY ("StoryId") REFERENCES public."Story"("Id") ON DELETE RESTRICT;


--
-- Name: LessonVocab FK_LessonVocab_Lesson_LessonId; Type: FK CONSTRAINT; Schema: public; Owner: postgres
--

ALTER TABLE ONLY public."LessonVocab"
    ADD CONSTRAINT "FK_LessonVocab_Lesson_LessonId" FOREIGN KEY ("LessonId") REFERENCES public."Lesson"("Id") ON DELETE CASCADE;


--
-- Name: LessonVocab FK_LessonVocab_Vocab_VocabId; Type: FK CONSTRAINT; Schema: public; Owner: postgres
--

ALTER TABLE ONLY public."LessonVocab"
    ADD CONSTRAINT "FK_LessonVocab_Vocab_VocabId" FOREIGN KEY ("VocabId") REFERENCES public."Vocab"("Id") ON DELETE RESTRICT;


--
-- Name: Lesson FK_Lesson_Course_CourseId; Type: FK CONSTRAINT; Schema: public; Owner: postgres
--

ALTER TABLE ONLY public."Lesson"
    ADD CONSTRAINT "FK_Lesson_Course_CourseId" FOREIGN KEY ("CourseId") REFERENCES public."Course"("Id") ON DELETE CASCADE;


--
-- Name: StoryItemTimestamp FK_StoryItemTimestamp_StoryItem_StoryItemId; Type: FK CONSTRAINT; Schema: public; Owner: postgres
--

ALTER TABLE ONLY public."StoryItemTimestamp"
    ADD CONSTRAINT "FK_StoryItemTimestamp_StoryItem_StoryItemId" FOREIGN KEY ("StoryItemId") REFERENCES public."StoryItem"("Id") ON DELETE CASCADE;


--
-- Name: StoryItem FK_StoryItem_Story_StoryId; Type: FK CONSTRAINT; Schema: public; Owner: postgres
--

ALTER TABLE ONLY public."StoryItem"
    ADD CONSTRAINT "FK_StoryItem_Story_StoryId" FOREIGN KEY ("StoryId") REFERENCES public."Story"("Id") ON DELETE CASCADE;


--
-- Name: UserCourse FK_UserCourse_Course_CourseId; Type: FK CONSTRAINT; Schema: public; Owner: postgres
--

ALTER TABLE ONLY public."UserCourse"
    ADD CONSTRAINT "FK_UserCourse_Course_CourseId" FOREIGN KEY ("CourseId") REFERENCES public."Course"("Id") ON DELETE RESTRICT;


--
-- Name: UserCourse FK_UserCourse_User_UserId; Type: FK CONSTRAINT; Schema: public; Owner: postgres
--

ALTER TABLE ONLY public."UserCourse"
    ADD CONSTRAINT "FK_UserCourse_User_UserId" FOREIGN KEY ("UserId") REFERENCES public."User"("Id") ON DELETE CASCADE;


--
-- Name: UserGrammarTestResult FK_UserGrammarTestResult_GrammarTestOption_SelectedOptionId; Type: FK CONSTRAINT; Schema: public; Owner: postgres
--

ALTER TABLE ONLY public."UserGrammarTestResult"
    ADD CONSTRAINT "FK_UserGrammarTestResult_GrammarTestOption_SelectedOptionId" FOREIGN KEY ("SelectedOptionId") REFERENCES public."GrammarTestOption"("Id") ON DELETE RESTRICT;


--
-- Name: UserGrammarTestResult FK_UserGrammarTestResult_GrammarTest_GrammarTestId; Type: FK CONSTRAINT; Schema: public; Owner: postgres
--

ALTER TABLE ONLY public."UserGrammarTestResult"
    ADD CONSTRAINT "FK_UserGrammarTestResult_GrammarTest_GrammarTestId" FOREIGN KEY ("GrammarTestId") REFERENCES public."GrammarTest"("Id") ON DELETE CASCADE;


--
-- Name: UserGrammarTestResult FK_UserGrammarTestResult_User_UserId; Type: FK CONSTRAINT; Schema: public; Owner: postgres
--

ALTER TABLE ONLY public."UserGrammarTestResult"
    ADD CONSTRAINT "FK_UserGrammarTestResult_User_UserId" FOREIGN KEY ("UserId") REFERENCES public."User"("Id") ON DELETE CASCADE;


--
-- Name: UserGrammar FK_UserGrammar_Grammar_GrammarId; Type: FK CONSTRAINT; Schema: public; Owner: postgres
--

ALTER TABLE ONLY public."UserGrammar"
    ADD CONSTRAINT "FK_UserGrammar_Grammar_GrammarId" FOREIGN KEY ("GrammarId") REFERENCES public."Grammar"("Id") ON DELETE RESTRICT;


--
-- Name: UserGrammar FK_UserGrammar_User_UserId; Type: FK CONSTRAINT; Schema: public; Owner: postgres
--

ALTER TABLE ONLY public."UserGrammar"
    ADD CONSTRAINT "FK_UserGrammar_User_UserId" FOREIGN KEY ("UserId") REFERENCES public."User"("Id") ON DELETE CASCADE;


--
-- Name: UserLesson FK_UserLesson_Lesson_LessonId; Type: FK CONSTRAINT; Schema: public; Owner: postgres
--

ALTER TABLE ONLY public."UserLesson"
    ADD CONSTRAINT "FK_UserLesson_Lesson_LessonId" FOREIGN KEY ("LessonId") REFERENCES public."Lesson"("Id") ON DELETE RESTRICT;


--
-- Name: UserLesson FK_UserLesson_Lesson_LessonId1; Type: FK CONSTRAINT; Schema: public; Owner: postgres
--

ALTER TABLE ONLY public."UserLesson"
    ADD CONSTRAINT "FK_UserLesson_Lesson_LessonId1" FOREIGN KEY ("LessonId1") REFERENCES public."Lesson"("Id");


--
-- Name: UserLesson FK_UserLesson_User_UserId; Type: FK CONSTRAINT; Schema: public; Owner: postgres
--

ALTER TABLE ONLY public."UserLesson"
    ADD CONSTRAINT "FK_UserLesson_User_UserId" FOREIGN KEY ("UserId") REFERENCES public."User"("Id") ON DELETE CASCADE;


--
-- Name: UserStory FK_UserStory_Story_StoryId; Type: FK CONSTRAINT; Schema: public; Owner: postgres
--

ALTER TABLE ONLY public."UserStory"
    ADD CONSTRAINT "FK_UserStory_Story_StoryId" FOREIGN KEY ("StoryId") REFERENCES public."Story"("Id") ON DELETE RESTRICT;


--
-- Name: UserStory FK_UserStory_User_UserId; Type: FK CONSTRAINT; Schema: public; Owner: postgres
--

ALTER TABLE ONLY public."UserStory"
    ADD CONSTRAINT "FK_UserStory_User_UserId" FOREIGN KEY ("UserId") REFERENCES public."User"("Id") ON DELETE CASCADE;


--
-- Name: UserVocabTestResult FK_UserVocabTestResult_User_UserId; Type: FK CONSTRAINT; Schema: public; Owner: postgres
--

ALTER TABLE ONLY public."UserVocabTestResult"
    ADD CONSTRAINT "FK_UserVocabTestResult_User_UserId" FOREIGN KEY ("UserId") REFERENCES public."User"("Id") ON DELETE CASCADE;


--
-- Name: UserVocabTestResult FK_UserVocabTestResult_VocabTestOption_SelectedOptionId; Type: FK CONSTRAINT; Schema: public; Owner: postgres
--

ALTER TABLE ONLY public."UserVocabTestResult"
    ADD CONSTRAINT "FK_UserVocabTestResult_VocabTestOption_SelectedOptionId" FOREIGN KEY ("SelectedOptionId") REFERENCES public."VocabTestOption"("Id") ON DELETE RESTRICT;


--
-- Name: UserVocabTestResult FK_UserVocabTestResult_VocabTest_VocabTestId; Type: FK CONSTRAINT; Schema: public; Owner: postgres
--

ALTER TABLE ONLY public."UserVocabTestResult"
    ADD CONSTRAINT "FK_UserVocabTestResult_VocabTest_VocabTestId" FOREIGN KEY ("VocabTestId") REFERENCES public."VocabTest"("Id") ON DELETE CASCADE;


--
-- Name: UserVocab FK_UserVocab_User_UserId; Type: FK CONSTRAINT; Schema: public; Owner: postgres
--

ALTER TABLE ONLY public."UserVocab"
    ADD CONSTRAINT "FK_UserVocab_User_UserId" FOREIGN KEY ("UserId") REFERENCES public."User"("Id") ON DELETE CASCADE;


--
-- Name: UserVocab FK_UserVocab_Vocab_VocabId; Type: FK CONSTRAINT; Schema: public; Owner: postgres
--

ALTER TABLE ONLY public."UserVocab"
    ADD CONSTRAINT "FK_UserVocab_Vocab_VocabId" FOREIGN KEY ("VocabId") REFERENCES public."Vocab"("Id") ON DELETE RESTRICT;


--
-- Name: VocabTestOption FK_VocabTestOption_VocabTest_VocabTestId; Type: FK CONSTRAINT; Schema: public; Owner: postgres
--

ALTER TABLE ONLY public."VocabTestOption"
    ADD CONSTRAINT "FK_VocabTestOption_VocabTest_VocabTestId" FOREIGN KEY ("VocabTestId") REFERENCES public."VocabTest"("Id") ON DELETE CASCADE;


--
-- Name: VocabTest FK_VocabTest_Vocab_VocabId; Type: FK CONSTRAINT; Schema: public; Owner: postgres
--

ALTER TABLE ONLY public."VocabTest"
    ADD CONSTRAINT "FK_VocabTest_Vocab_VocabId" FOREIGN KEY ("VocabId") REFERENCES public."Vocab"("Id") ON DELETE CASCADE;


--
-- Name: Vocab FK_Vocab_Language_LanguageId; Type: FK CONSTRAINT; Schema: public; Owner: postgres
--

ALTER TABLE ONLY public."Vocab"
    ADD CONSTRAINT "FK_Vocab_Language_LanguageId" FOREIGN KEY ("LanguageId") REFERENCES public."Language"("Id") ON DELETE RESTRICT;


--
-- PostgreSQL database dump complete
--

